1714909072889,1,1.66,0.71,0,0,0,1
1714909073536,1.529906,1.572372,1.23795,0.07063968,0.3825678,0.01050843,0.9211631
1714909073592,1.531694,1.571472,1.233548,0.06803461,0.3898429,0.01239492,0.9182811
1714909073605,1.533788,1.57034,1.228516,0.06622167,0.3993671,0.01562659,0.9142628
1714909073619,1.534414,1.570003,1.22678,0.06696024,0.403042,0.01597806,0.9125887
1714909073633,1.535183,1.569786,1.225246,0.06723657,0.4071811,0.01711751,0.9107084
1714909073647,1.535944,1.569301,1.223677,0.06762336,0.4108114,0.0181745,0.9090274
1714909073661,1.536722,1.568527,1.221983,0.06801362,0.4142898,0.01850732,0.9074115
1714909073675,1.537409,1.568208,1.220438,0.06765823,0.4184239,0.01794683,0.9055505
1714909073689,1.538426,1.567809,1.218837,0.0665362,0.4230552,0.01717927,0.9034944
1714909073703,1.539064,1.56743,1.217097,0.06682592,0.4281411,0.01662478,0.9010844
1714909073717,1.539636,1.567085,1.215476,0.06828138,0.4325098,0.01697762,0.8988798
1714909073730,1.539943,1.566925,1.214123,0.0718842,0.4372048,0.01719648,0.8963197
1714909073744,1.540272,1.567077,1.212562,0.07649168,0.4408879,0.01736681,0.8941282
1714909073758,1.540875,1.566883,1.211198,0.08127765,0.4445108,0.01786332,0.8918996
1714909073772,1.541447,1.567174,1.209715,0.08624245,0.4481687,0.01823131,0.8895924
1714909073786,1.542576,1.56748,1.208487,0.08749471,0.4518952,0.02010982,0.8875421
1714909073800,1.543595,1.567594,1.207365,0.08739027,0.4544094,0.02318269,0.8861927
1714909073814,1.544689,1.567379,1.20628,0.08818189,0.4583311,0.02464801,0.8840526
1714909073828,1.54553,1.566778,1.20503,0.0897191,0.460275,0.02418005,0.8829002
1714909073842,1.546742,1.566652,1.204047,0.09048951,0.4630291,0.02375335,0.8813918
1714909073856,1.54823,1.566705,1.202735,0.09035812,0.4659921,0.02392892,0.8798376
1714909073870,1.549508,1.566952,1.201401,0.09075407,0.4694978,0.023441,0.8779442
1714909073884,1.550717,1.567197,1.200095,0.09076384,0.4725574,0.02333996,0.8763028
1714909073900,1.551817,1.567309,1.198827,0.09211406,0.4754882,0.02344628,0.874572
1714909073911,1.553119,1.567163,1.197623,0.09287322,0.4779507,0.02324928,0.8731536
1714909073926,1.553854,1.566848,1.196054,0.09433969,0.4797479,0.022299,0.8720348
1714909073939,1.554829,1.566708,1.194573,0.09511165,0.4818439,0.02115517,0.8708231
1714909073954,1.555491,1.566543,1.192677,0.09527259,0.483574,0.01921107,0.8698909
1714909073969,1.556504,1.566497,1.191423,0.09529578,0.4858024,0.01750559,0.8686819
1714909073983,1.557056,1.566278,1.18971,0.09665428,0.4877738,0.01571696,0.8674605
1714909073996,1.557943,1.566071,1.188174,0.09780449,0.4899417,0.01461818,0.866128
1714909074010,1.558412,1.566105,1.186546,0.09933026,0.4916752,0.01289529,0.8649987
1714909074025,1.55933,1.565981,1.185108,0.1000832,0.4932403,0.01168573,0.8640375
1714909074039,1.560104,1.565974,1.183376,0.1000721,0.4943239,0.01032204,0.8634367
1714909074053,1.560712,1.566,1.181333,0.1015478,0.4956148,0.009912303,0.8625287
1714909074067,1.561525,1.565746,1.180112,0.09911512,0.4974689,0.008846343,0.8617555
1714909074081,1.56174,1.566466,1.178566,0.100169,0.4983158,0.007006152,0.8611611
1714909074094,1.562575,1.566147,1.177377,0.1001716,0.4986297,0.006323683,0.8609844
1714909074108,1.562723,1.566521,1.175725,0.1002407,0.4987359,0.005233068,0.8609222
1714909074122,1.562952,1.566402,1.174037,0.1009322,0.4989792,0.004279376,0.8607057
1714909074136,1.56365,1.566137,1.172693,0.1008549,0.4998495,0.004578351,0.860208
1714909074151,1.56399,1.565994,1.171448,0.1001666,0.5003539,0.004844522,0.8599937
1714909074164,1.564293,1.566103,1.170394,0.09985161,0.5000573,0.004401348,0.8602052
1714909074178,1.564558,1.566246,1.169132,0.09978624,0.4996745,0.004065322,0.8604369
1714909074193,1.564905,1.56618,1.167823,0.0987156,0.4992798,0.003481793,0.8607919
1714909074206,1.565251,1.566188,1.166445,0.09742913,0.4994319,0.002106431,0.8608547
1714909074220,1.565566,1.566536,1.165293,0.09726796,0.499764,0.0008761997,0.8606824
1714909074234,1.565827,1.566373,1.164124,0.09774555,0.498996,0.0008528783,0.8610738
1714909074248,1.566061,1.566318,1.163142,0.09787091,0.4979953,0.0001383419,0.8616391
1714909074262,1.566307,1.566204,1.16205,0.09816059,0.4968564,-0.0002800907,0.8622634
1714909074276,1.566555,1.566136,1.161066,0.09793729,0.4958308,-0.0008811206,0.8628786
1714909074290,1.566704,1.56612,1.16004,0.09815725,0.4949546,-0.001673794,0.8633553
1714909074304,1.566881,1.565987,1.159151,0.09827667,0.4941739,-0.002506938,0.8637868
1714909074318,1.567048,1.565693,1.158413,0.09866625,0.4930897,-0.00305952,0.86436
1714909074331,1.567083,1.565555,1.157856,0.1000681,0.4911856,-0.003238123,0.8652818
1714909074346,1.566963,1.565334,1.15761,0.1016131,0.4876691,-0.002724282,0.8670906
1714909074359,1.566734,1.564967,1.15743,0.1028378,0.4836783,-0.002015023,0.869181
1714909074374,1.566401,1.564683,1.157481,0.1033678,0.4789112,-0.002617952,0.8717524
1714909074388,1.566125,1.564471,1.157716,0.1039529,0.4735137,-0.00195189,0.8746284
1714909074402,1.565632,1.564326,1.158169,0.1054915,0.4666792,-0.0005752277,0.8781126
1714909074415,1.564944,1.56394,1.158925,0.1068576,0.458601,0.0003470912,0.8821941
1714909074430,1.563882,1.563588,1.160037,0.1095383,0.4481359,0.001551235,0.8872278
1714909074443,1.562635,1.563124,1.161244,0.1125626,0.4364098,0.00281835,0.8926747
1714909074457,1.561296,1.562579,1.162513,0.1150849,0.4245774,0.003175494,0.898042
1714909074471,1.560001,1.562011,1.16372,0.116608,0.4135747,0.002173676,0.9029695
1714909074486,1.558687,1.561514,1.164824,0.1176614,0.4037558,0.0001232929,0.907269
1714909074499,1.557432,1.561123,1.166084,0.1190814,0.3935811,-0.0006927947,0.9115443
1714909074513,1.556006,1.560485,1.167765,0.1205607,0.3821882,0.0003767919,0.9161862
1714909074526,1.55416,1.560073,1.169488,0.1236608,0.3691496,0.00140788,0.9211051
1714909074541,1.552298,1.559223,1.17132,0.126848,0.3548641,0.003315798,0.9262668
1714909074554,1.550194,1.558436,1.173067,0.1302526,0.3401615,0.004025538,0.9312939
1714909074568,1.548087,1.557651,1.174841,0.1326868,0.3263307,0.003453209,0.9358903
1714909074582,1.545981,1.557257,1.176604,0.1339445,0.3136997,0.001316383,0.9400264
1714909074596,1.543922,1.556993,1.178239,0.1342999,0.3017351,-0.0002557025,0.9438853
1714909074611,1.541758,1.556695,1.179895,0.1347746,0.289582,-0.0006706656,0.9476168
1714909074625,1.539418,1.556307,1.181579,0.1356404,0.2767499,-0.0001232482,0.9513208
1714909074637,1.536967,1.555965,1.183232,0.1374098,0.2636425,0.0003769946,0.9547833
1714909074652,1.534553,1.555488,1.184809,0.1384574,0.2512014,0.0004672398,0.9579808
1714909074666,1.532152,1.55527,1.186089,0.1393276,0.2399921,-0.000404752,0.9607245
1714909074680,1.529871,1.555056,1.187282,0.1400662,0.2294293,-0.0003656262,0.9631944
1714909074693,1.527678,1.555006,1.188425,0.1407766,0.2197214,-0.0002422491,0.9653519
1714909074708,1.525383,1.555024,1.189666,0.1407704,0.2105626,6.319263E-05,0.9673919
1714909074722,1.523366,1.555074,1.190701,0.140776,0.2024694,0.0006118313,0.9691171
1714909074736,1.521554,1.555052,1.191486,0.1407076,0.1954615,0.000542792,0.9705647
1714909074749,1.519957,1.555299,1.192246,0.1407712,0.1898231,0.0004143964,0.9716741
1714909074764,1.51861,1.555498,1.192837,0.1406706,0.1859012,0.001001416,0.9724461
1714909074777,1.517365,1.555439,1.19338,0.1400324,0.1820191,0.003035571,0.9732681
1714909074791,1.515854,1.555434,1.194037,0.1397518,0.1778543,0.004687804,0.9740716
1714909074805,1.514344,1.555439,1.194568,0.1391511,0.1736769,0.005102913,0.9749089
1714909074819,1.512919,1.555604,1.194991,0.1393695,0.1692728,0.004897851,0.9756531
1714909074833,1.511539,1.55583,1.19549,0.1387923,0.1649339,0.004560628,0.9764798
1714909074847,1.510262,1.556347,1.196059,0.1369833,0.1611763,0.003975032,0.9773648
1714909074861,1.509038,1.556782,1.196518,0.1353042,0.1574478,0.004154557,0.9782054
1714909074875,1.507823,1.557151,1.196953,0.1336972,0.1536025,0.004711871,0.9790348
1714909074889,1.506365,1.557523,1.197379,0.1322791,0.1497568,0.005307205,0.9798199
1714909074903,1.504877,1.557795,1.197869,0.1306779,0.1459265,0.005802996,0.9806095
1714909074916,1.503532,1.558059,1.198154,0.129628,0.1421629,0.005996751,0.9813004
1714909074931,1.502337,1.558252,1.198283,0.1289633,0.1390629,0.005590311,0.9818344
1714909074945,1.501233,1.558549,1.198516,0.1281127,0.1370199,0.004766809,0.9822373
1714909074959,1.500174,1.558805,1.19888,0.1268479,0.1353898,0.005020682,0.9826261
1714909074973,1.499107,1.559211,1.1992,0.1254289,0.1333106,0.005590572,0.9830893
1714909074986,1.49808,1.559517,1.19954,0.1239427,0.1315442,0.006575412,0.9835096
1714909075001,1.49707,1.559922,1.19986,0.1224205,0.1300015,0.007481344,0.9838988
1714909075015,1.495855,1.560169,1.200068,0.120444,0.1284563,0.008109095,0.9843407
1714909075028,1.494562,1.56088,1.200204,0.1182466,0.1262255,0.00850667,0.9848922
1714909075042,1.493349,1.561764,1.20022,0.1157416,0.1234849,0.009036703,0.9855322
1714909075056,1.4921,1.562648,1.20026,0.1125601,0.1207291,0.01006103,0.986232
1714909075070,1.490715,1.563586,1.200281,0.1090351,0.1175518,0.01097248,0.9870018
1714909075084,1.489322,1.56472,1.200226,0.1047132,0.1140272,0.01182399,0.9878731
1714909075098,1.487943,1.565845,1.200099,0.09966704,0.1104058,0.01224316,0.9888009
1714909075112,1.486654,1.567289,1.199695,0.09467213,0.1065445,0.01208847,0.9897168
1714909075126,1.485368,1.568648,1.199299,0.08907849,0.1022706,0.0125772,0.9906803
1714909075140,1.483994,1.570117,1.198998,0.08360776,0.09795595,0.01300992,0.9915872
1714909075154,1.482662,1.571552,1.198449,0.07816057,0.09342206,0.01284627,0.9924708
1714909075167,1.481333,1.572868,1.197981,0.07270633,0.08938707,0.0125315,0.9932607
1714909075182,1.480113,1.574033,1.197343,0.06694496,0.08510103,0.01249014,0.9940424
1714909075195,1.478957,1.575319,1.1968,0.06169542,0.08090405,0.01300993,0.9947256
1714909075209,1.477905,1.576523,1.196191,0.05616231,0.07636016,0.013824,0.9954013
1714909075223,1.476784,1.577704,1.195486,0.0512443,0.07178889,0.01478912,0.9959928
1714909075237,1.475759,1.578748,1.19476,0.04670265,0.06707424,0.01531624,0.9965367
1714909075252,1.474727,1.579554,1.19405,0.042704,0.06273039,0.01571106,0.9969927
1714909075265,1.473755,1.580318,1.193433,0.03930568,0.05797949,0.01635889,0.9974096
1714909075279,1.472975,1.581304,1.192757,0.03614669,0.0524906,0.01792827,0.997806
1714909075293,1.472097,1.582108,1.192205,0.03271271,0.04735917,0.01944995,0.9981526
1714909075307,1.471354,1.582849,1.191627,0.02966014,0.04204866,0.0206585,0.9984615
1714909075322,1.470633,1.583535,1.190915,0.02729132,0.03676743,0.02092818,0.9987319
1714909075335,1.470094,1.584037,1.190254,0.02459431,0.03132706,0.02114634,0.9989828
1714909075349,1.469707,1.584581,1.189669,0.02208396,0.02618613,0.02206053,0.9991696
1714909075363,1.469355,1.585169,1.189141,0.01971625,0.02115854,0.02314328,0.9993138
1714909075377,1.469083,1.585581,1.188575,0.01754274,0.01614854,0.02305295,0.9994499
1714909075390,1.468846,1.585999,1.187936,0.0155092,0.01145745,0.02290952,0.9995516
1714909075405,1.468741,1.586402,1.187356,0.01350608,0.007038076,0.02274159,0.9996254
1714909075418,1.468691,1.586897,1.186739,0.01190665,0.002592382,0.02264978,0.9996692
1714909075433,1.46867,1.587229,1.186249,0.01003366,-0.001843766,0.02278233,0.9996884
1714909075446,1.468776,1.58756,1.185732,0.00844083,-0.005862508,0.02263531,0.9996909
1714909075460,1.468904,1.587884,1.185227,0.006937759,-0.009678327,0.02209057,0.999685
1714909075475,1.468976,1.588175,1.184713,0.005360487,-0.01367843,0.02146258,0.9996617
1714909075488,1.468972,1.588761,1.184208,0.004074642,-0.01739571,0.02102591,0.9996193
1714909075502,1.469078,1.589103,1.183695,0.00241766,-0.0208002,0.02062594,0.999568
1714909075516,1.469298,1.589576,1.183231,0.001012217,-0.02361572,0.01969937,0.9995265
1714909075530,1.469471,1.589955,1.182854,-0.0006888997,-0.02632542,0.0186298,0.9994796
1714909075544,1.469513,1.590255,1.182506,-0.002198726,-0.02901877,0.01745865,0.999424
1714909075558,1.469449,1.590464,1.182219,-0.003459624,-0.03179188,0.01600243,0.9993604
1714909075572,1.469399,1.590632,1.181899,-0.004239588,-0.03459609,0.01474366,0.9992836
1714909075586,1.469339,1.590787,1.181576,-0.005375444,-0.03733256,0.01375694,0.9991937
1714909075600,1.469076,1.590899,1.181319,-0.006803473,-0.03955598,0.01258449,0.9991149
1714909075614,1.468735,1.59114,1.180993,-0.007716845,-0.04167296,0.01113878,0.9990394
1714909075627,1.468355,1.591294,1.180803,-0.008605067,-0.04340948,0.009983608,0.9989704
1714909075641,1.468052,1.591431,1.180592,-0.009236424,-0.04517096,0.009080465,0.9988953
1714909075655,1.467603,1.591476,1.180472,-0.01004797,-0.04653727,0.008491317,0.99883
1714909075670,1.467103,1.591646,1.180384,-0.01091379,-0.04783738,0.008395586,0.9987602
1714909075683,1.466533,1.591716,1.180301,-0.01197092,-0.04885866,0.008887619,0.9986944
1714909075697,1.465938,1.591815,1.180163,-0.01244781,-0.04971319,0.009373674,0.998642
1714909075711,1.465304,1.591902,1.180131,-0.01266792,-0.05036262,0.009364926,0.9986067
1714909075725,1.464665,1.591952,1.180185,-0.01297455,-0.05071221,0.009140567,0.9985873
1714909075739,1.464049,1.591993,1.180243,-0.01312539,-0.05058099,0.008907676,0.998594
1714909075753,1.463345,1.592025,1.180263,-0.01327458,-0.0504367,0.008919375,0.9985992
1714909075767,1.462523,1.592097,1.180336,-0.0131901,-0.05049554,0.009407097,0.9985929
1714909075781,1.46169,1.592141,1.180358,-0.01337499,-0.0509348,0.009837199,0.9985639
1714909075795,1.460828,1.592065,1.180471,-0.0138266,-0.05127751,0.01035918,0.998535
1714909075809,1.460017,1.592074,1.180608,-0.01404793,-0.05156596,0.01091349,0.9985111
1714909075823,1.459199,1.59208,1.180748,-0.0140322,-0.05151985,0.01111424,0.9985116
1714909075836,1.458377,1.592056,1.180788,-0.01376921,-0.05127833,0.01107633,0.9985281
1714909075850,1.457526,1.592037,1.180814,-0.01361964,-0.05082218,0.01085753,0.9985558
1714909075865,1.456791,1.591998,1.180935,-0.01367389,-0.05018422,0.01092284,0.9985867
1714909075878,1.456005,1.591978,1.18112,-0.01365301,-0.04957275,0.01101691,0.9986165
1714909075892,1.455209,1.591934,1.181302,-0.01364785,-0.04902065,0.0113891,0.9986396
1714909075906,1.454441,1.591924,1.181423,-0.01336677,-0.04863582,0.01192451,0.9986559
1714909075920,1.453687,1.591813,1.181461,-0.01312979,-0.04833163,0.01198256,0.9986731
1714909075934,1.453041,1.591656,1.181538,-0.01289582,-0.04773412,0.01225033,0.9987018
1714909075948,1.452405,1.591507,1.181634,-0.01243686,-0.04678265,0.01215374,0.9987537
1714909075962,1.451769,1.591438,1.181781,-0.01204905,-0.04553713,0.0115182,0.9988236
1714909075976,1.451226,1.591424,1.181913,-0.01181918,-0.04398637,0.01075926,0.9989043
1714909075990,1.450725,1.59145,1.182039,-0.01145283,-0.04215651,0.01049094,0.9989903
1714909076004,1.45022,1.59141,1.182222,-0.01146467,-0.04013782,0.01048399,0.9990734
1714909076017,1.449695,1.591384,1.182365,-0.01152106,-0.03821372,0.0105778,0.9991472
1714909076031,1.449179,1.591364,1.182574,-0.01153434,-0.03616479,0.01075376,0.9992214
1714909076046,1.448767,1.591429,1.182758,-0.01144804,-0.03382844,0.01095792,0.999302
1714909076060,1.448309,1.59137,1.18299,-0.01131704,-0.03119926,0.0108154,0.9993906
1714909076074,1.447884,1.591213,1.183071,-0.01103291,-0.02834509,0.01046455,0.9994826
1714909076087,1.447531,1.591089,1.183188,-0.01067714,-0.02523548,0.01048239,0.9995695
1714909076102,1.447113,1.591,1.183314,-0.01015759,-0.02200296,0.01077465,0.9996483
1714909076115,1.44673,1.590963,1.183497,-0.01004884,-0.01908659,0.01094252,0.9997075
1714909076129,1.446364,1.590952,1.183657,-0.01005475,-0.01614821,0.01145988,0.9997534
1714909076143,1.446041,1.590825,1.183814,-0.00998886,-0.01326147,0.01160579,0.9997948
1714909076157,1.445736,1.590821,1.183845,-0.009443398,-0.0102287,0.01118052,0.9998407
1714909076171,1.445551,1.590649,1.1839,-0.009109505,-0.007184176,0.01099771,0.9998723
1714909076185,1.445355,1.590525,1.183954,-0.008508119,-0.004192317,0.01120489,0.9998923
1714909076199,1.445153,1.590369,1.184061,-0.00797916,-0.0012208,0.01140991,0.9999024
1714909076213,1.444932,1.590405,1.184182,-0.007345804,0.001785194,0.01155244,0.9999047
1714909076226,1.444788,1.59024,1.184374,-0.006965599,0.004923132,0.01167919,0.9998955
1714909076241,1.444503,1.5902,1.1844,-0.006289694,0.008240231,0.01171747,0.9998776
1714909076254,1.444387,1.590065,1.184492,-0.006017597,0.01147402,0.0113887,0.9998512
1714909076269,1.444308,1.589917,1.184614,-0.005391948,0.0149128,0.01126724,0.9998108
1714909076282,1.444298,1.589732,1.184737,-0.004965581,0.01804185,0.01094825,0.999765
1714909076296,1.444274,1.589524,1.184871,-0.004198066,0.02109417,0.01098042,0.9997084
1714909076310,1.444255,1.589357,1.184998,-0.003520063,0.02385445,0.01110248,0.9996476
1714909076324,1.44429,1.58921,1.185132,-0.002935256,0.02645502,0.01129459,0.9995819
1714909076337,1.444275,1.589061,1.185292,-0.002280033,0.02888233,0.01081908,0.9995217
1714909076352,1.444239,1.588862,1.185443,-0.001743789,0.03106667,0.01029833,0.9994627
1714909076366,1.444162,1.588736,1.185597,-0.001120254,0.03307264,0.009641091,0.9994059
1714909076380,1.44406,1.588612,1.185745,-0.0009838582,0.03462607,0.009062657,0.9993588
1714909076393,1.443923,1.588536,1.185892,-0.0008352654,0.03590226,0.008766831,0.9993165
1714909076408,1.443796,1.588511,1.186028,-0.0008354684,0.03680087,0.008765691,0.9992839
1714909076422,1.44361,1.588477,1.186182,-0.0007601362,0.03726408,0.00872349,0.9992671
1714909076435,1.443382,1.588436,1.186334,-0.0002822781,0.03752001,0.008696807,0.999258
1714909076450,1.44311,1.588368,1.186507,-0.0001388273,0.03765156,0.008418743,0.9992555
1714909076463,1.442852,1.588296,1.186676,8.393647E-05,0.03767288,0.008268184,0.999256
1714909076477,1.442558,1.58826,1.18682,0.0002705772,0.03755952,0.00832228,0.9992597
1714909076492,1.442255,1.588262,1.186886,0.0002208287,0.03736083,0.008321008,0.9992672
1714909076506,1.442034,1.588212,1.187066,0.0003036761,0.03723748,0.008403725,0.999271
1714909076519,1.441779,1.588184,1.187154,0.0004714229,0.03697355,0.008495019,0.99928
1714909076533,1.441523,1.588163,1.187233,0.0005416866,0.03678221,0.008496014,0.9992871
1714909076547,1.441281,1.588136,1.187273,0.0005534748,0.03615458,0.008686425,0.9993083
1714909076561,1.441051,1.588139,1.187224,0.0005522997,0.03572556,0.00863768,0.9993241
1714909076574,1.440837,1.588124,1.187136,0.000457061,0.03521153,0.008398255,0.9993445
1714909076589,1.44062,1.588078,1.187081,0.0007216804,0.03469991,0.008200175,0.9993639
1714909076603,1.440403,1.588045,1.187026,0.001182805,0.0340284,0.00811874,0.9993872
1714909076617,1.440176,1.588029,1.186984,0.001291596,0.03320104,0.007947376,0.9994163
1714909076630,1.439979,1.58803,1.186955,0.001131156,0.03235699,0.00785007,0.999445
1714909076645,1.439807,1.58806,1.186929,0.001062836,0.03144437,0.007611285,0.999476
1714909076658,1.439625,1.588056,1.186898,0.001015335,0.03063316,0.007341805,0.9995033
1714909076672,1.439405,1.588053,1.186855,0.001167074,0.02972399,0.007257768,0.9995311
1714909076686,1.439188,1.588052,1.186807,0.001157143,0.02869761,0.007283203,0.999561
1714909076700,1.438963,1.588075,1.186751,0.001055221,0.02774062,0.007311513,0.9995878
1714909076714,1.438723,1.588087,1.186689,0.001095738,0.02680605,0.007173174,0.9996144
1714909076728,1.438478,1.588094,1.186633,0.001254504,0.02592915,0.006984614,0.9996386
1714909076742,1.438255,1.588062,1.186595,0.00136865,0.02491219,0.00700228,0.9996642
1714909076756,1.438034,1.588007,1.186584,0.001572403,0.02406069,0.006919612,0.9996853
1714909076770,1.437831,1.587925,1.186582,0.001539671,0.02299524,0.007043314,0.9997096
1714909076784,1.437619,1.587874,1.18659,0.001658415,0.0219848,0.007338439,0.9997301
1714909076798,1.437466,1.587838,1.186617,0.001857503,0.02090401,0.007642295,0.9997506
1714909076811,1.437311,1.587808,1.186646,0.002221481,0.02010876,0.007825819,0.9997647
1714909076826,1.437127,1.587741,1.186646,0.002553082,0.01918186,0.007824708,0.9997821
1714909076839,1.436951,1.587663,1.186639,0.002898924,0.01832815,0.007732721,0.9997979
1714909076854,1.436797,1.587588,1.186632,0.003260338,0.01756835,0.007697463,0.9998108
1714909076867,1.436672,1.587506,1.186625,0.003401022,0.01695516,0.00774437,0.9998205
1714909076882,1.436483,1.587412,1.1866,0.003434956,0.01637687,0.007903865,0.9998288
1714909076895,1.436298,1.587334,1.186576,0.003475674,0.01563565,0.008039905,0.9998394
1714909076910,1.436171,1.587293,1.18656,0.003775286,0.0149764,0.008034569,0.9998485
1714909076923,1.436038,1.587243,1.186572,0.00414366,0.0143094,0.007820745,0.9998585
1714909076937,1.435932,1.587171,1.186602,0.004317399,0.01364884,0.00820474,0.9998639
1714909076951,1.435889,1.587112,1.186619,0.00459834,0.01287252,0.008552514,0.99987
1714909076965,1.435842,1.587072,1.186643,0.004916623,0.01208706,0.008727186,0.9998768
1714909076978,1.435791,1.587027,1.186676,0.005166648,0.01151698,0.008568428,0.9998836
1714909076993,1.435741,1.586982,1.186729,0.005300517,0.01111822,0.008286244,0.9998899
1714909077007,1.435711,1.586935,1.186776,0.005432779,0.01080256,0.008163686,0.9998936
1714909077020,1.435709,1.586912,1.186804,0.005719231,0.01035609,0.008007971,0.999898
1714909077034,1.435698,1.586832,1.186821,0.005843082,0.009994857,0.008072346,0.9999004
1714909077048,1.435676,1.586751,1.186854,0.005954939,0.009663473,0.008156868,0.9999023
1714909077061,1.435691,1.5867,1.186877,0.006221149,0.009281125,0.008285132,0.9999033
1714909077076,1.435732,1.586659,1.186918,0.006460234,0.009160924,0.008335857,0.9999024
1714909077090,1.435789,1.586616,1.186969,0.006642081,0.009051704,0.008247119,0.999903
1714909077103,1.435823,1.586551,1.187037,0.00681785,0.008903573,0.008192383,0.9999036
1714909077117,1.435887,1.586466,1.187115,0.007161173,0.008628453,0.008174262,0.9999037
1714909077131,1.435966,1.586362,1.187216,0.007607422,0.008571554,0.00828046,0.9999
1714909077146,1.436035,1.586253,1.187317,0.008087852,0.008306433,0.008434981,0.9998972
1714909077159,1.436065,1.586139,1.187444,0.008664097,0.00799218,0.008358582,0.9998956
1714909077173,1.436106,1.586051,1.187582,0.009138221,0.007771206,0.008499734,0.9998919
1714909077187,1.436152,1.585938,1.187742,0.009384884,0.007648849,0.008905436,0.999887
1714909077202,1.436176,1.585779,1.187909,0.009585645,0.007431929,0.008999777,0.9998859
1714909077214,1.436183,1.585646,1.188075,0.009767298,0.007198978,0.008595377,0.9998894
1714909077229,1.436245,1.585598,1.188239,0.01001885,0.007114331,0.008376857,0.9998894
1714909077243,1.436315,1.585568,1.188423,0.01025625,0.006919191,0.008404207,0.9998882
1714909077257,1.436375,1.585548,1.188609,0.01056492,0.00678818,0.008371116,0.9998861
1714909077271,1.436445,1.5855,1.188778,0.01090583,0.006629304,0.008412521,0.9998832
1714909077284,1.436515,1.585442,1.188925,0.01125234,0.006331388,0.008389653,0.9998815
1714909077299,1.436567,1.585379,1.189086,0.01158428,0.006147923,0.008361173,0.9998791
1714909077313,1.436621,1.585295,1.189267,0.01200313,0.006047248,0.008378354,0.9998746
1714909077327,1.436685,1.585224,1.189454,0.01247152,0.005849556,0.008333058,0.9998704
1714909077340,1.436741,1.585156,1.189681,0.01275688,0.005733074,0.008247773,0.9998682
1714909077354,1.436745,1.585038,1.189907,0.01304677,0.005652641,0.008235433,0.999865
1714909077369,1.43674,1.584877,1.190135,0.01355872,0.00559486,0.008249267,0.9998584
1714909077382,1.436772,1.584739,1.19035,0.01417996,0.005306567,0.0081816,0.999852
1714909077396,1.436795,1.584587,1.190577,0.01462824,0.005071897,0.008376778,0.9998451
1714909077410,1.43683,1.584429,1.190789,0.01529279,0.004767508,0.008513561,0.9998355
1714909077424,1.43687,1.584271,1.190989,0.01625076,0.004403489,0.008641444,0.9998209
1714909077437,1.436947,1.584127,1.191174,0.01742356,0.00392166,0.008795423,0.9998018
1714909077451,1.437059,1.583801,1.191279,0.01828127,0.003481601,0.008975978,0.9997866
1714909077466,1.43698,1.583449,1.191606,0.01984656,0.002991323,0.008846859,0.9997594
1714909077480,1.436968,1.583038,1.191912,0.02150543,0.002256393,0.009221287,0.9997237
1714909077493,1.436901,1.582547,1.192144,0.0232764,0.001366785,0.009136439,0.9996864
1714909077508,1.43684,1.582127,1.192307,0.02530858,0.0004643684,0.008977963,0.9996393
1714909077521,1.436766,1.581636,1.192436,0.02743486,-0.0003651234,0.008943095,0.9995835
1714909077535,1.436693,1.581017,1.192602,0.02969746,-0.001256014,0.008725651,0.9995201
1714909077549,1.436593,1.580366,1.192818,0.03243801,-0.002376853,0.008298717,0.9994365
1714909077563,1.436539,1.579758,1.193088,0.03530198,-0.003390276,0.008179465,0.9993375
1714909077577,1.436472,1.579141,1.19343,0.03794001,-0.00446986,0.008333083,0.9992353
1714909077591,1.436451,1.578633,1.193712,0.0404763,-0.005561531,0.008425264,0.9991295
1714909077605,1.436503,1.578141,1.19396,0.0428669,-0.006599104,0.008602183,0.999022
1714909077619,1.436556,1.577641,1.194293,0.04483603,-0.007222875,0.008327665,0.9989336
1714909077632,1.436616,1.577271,1.194564,0.04676906,-0.007537491,0.007826608,0.9988467
1714909077647,1.436669,1.576867,1.194877,0.04842306,-0.00772646,0.007514612,0.9987688
1714909077661,1.436717,1.576462,1.195126,0.04983363,-0.007751892,0.007378079,0.9987003
1714909077674,1.436765,1.576153,1.195414,0.05128615,-0.007677432,0.007283372,0.9986279
1714909077688,1.436902,1.575877,1.195565,0.05264247,-0.007581058,0.007531157,0.9985563
1714909077702,1.437026,1.575557,1.195776,0.05396963,-0.007506648,0.007697243,0.9984847
1714909077716,1.43705,1.5753,1.195932,0.05516354,-0.007337532,0.007617646,0.9984213
1714909077730,1.437129,1.575015,1.196133,0.05612946,-0.007187459,0.007652632,0.9983683
1714909077744,1.437157,1.574821,1.196284,0.05708018,-0.007078247,0.007748848,0.9983144
1714909077758,1.437205,1.574634,1.196374,0.05770119,-0.007022279,0.00798618,0.9982772
1714909077772,1.437268,1.574433,1.196468,0.05811356,-0.007099582,0.008190114,0.9982511
1714909077786,1.437309,1.574159,1.19664,0.0585219,-0.007253145,0.008476108,0.9982238
1714909077800,1.437307,1.574085,1.196691,0.05893188,-0.007520902,0.008588152,0.9981967
1714909077813,1.437292,1.574011,1.196748,0.05927616,-0.007690895,0.008783327,0.9981734
1714909077828,1.437251,1.573972,1.196762,0.05944115,-0.008081583,0.008710327,0.9981611
1714909077841,1.437183,1.573973,1.196756,0.05966769,-0.008358717,0.008663949,0.9981457
1714909077855,1.437112,1.573997,1.196758,0.05955554,-0.0085596,0.008479163,0.9981524
1714909077869,1.437083,1.574016,1.196791,0.05946725,-0.008680333,0.00839289,0.9981573
1714909077884,1.437049,1.574035,1.196821,0.05935689,-0.008656684,0.008318399,0.9981647
1714909077897,1.436998,1.574044,1.196838,0.0593391,-0.008991465,0.008420739,0.9981619
1714909077911,1.436937,1.574072,1.196823,0.05942222,-0.009322071,0.008623144,0.9981523
1714909077926,1.43688,1.574089,1.196782,0.05948783,-0.009606598,0.008823082,0.9981439
1714909077939,1.436818,1.574079,1.196753,0.05951699,-0.009788356,0.008965002,0.9981391
1714909077953,1.436741,1.574061,1.196773,0.0594439,-0.009836935,0.008953108,0.998143
1714909077967,1.436673,1.574034,1.196778,0.05949345,-0.009832937,0.009082222,0.998139
1714909077981,1.436607,1.574012,1.196786,0.05956227,-0.009851675,0.009125645,0.9981343
1714909077994,1.436524,1.573967,1.19677,0.05956432,-0.009928674,0.009221827,0.9981325
1714909078009,1.436441,1.573938,1.196746,0.05949055,-0.00989209,0.009273653,0.9981368
1714909078022,1.436385,1.573962,1.196698,0.05933675,-0.009767506,0.009322233,0.9981467
1714909078036,1.436358,1.574018,1.196648,0.05906397,-0.009594157,0.009430023,0.9981636
1714909078051,1.436319,1.574111,1.196567,0.05867524,-0.009397182,0.009557514,0.9981872
1714909078065,1.436286,1.574192,1.196469,0.05831899,-0.009409346,0.009795617,0.9982056
1714909078077,1.436255,1.574244,1.196304,0.05806842,-0.009281838,0.01014195,0.9982179
1714909078092,1.436231,1.574277,1.196112,0.05773005,-0.009148003,0.01038449,0.9982364
1714909078106,1.436218,1.574341,1.195938,0.05747202,-0.009186468,0.01057103,0.9982489
1714909078120,1.436216,1.574374,1.195739,0.05712048,-0.009084305,0.01082443,0.9982673
1714909078134,1.436229,1.574398,1.195502,0.05683989,-0.009111837,0.01100586,0.9982811
1714909078148,1.436264,1.574439,1.195245,0.05660179,-0.009121779,0.01112396,0.9982932
1714909078162,1.436314,1.574481,1.194959,0.05646607,-0.009096321,0.01103392,0.9983021
1714909078176,1.436368,1.574514,1.194701,0.05613864,-0.009088608,0.01099724,0.9983211
1714909078190,1.436412,1.574552,1.194479,0.05585941,-0.009017934,0.0109586,0.9983377
1714909078204,1.436469,1.574571,1.194275,0.05557346,-0.009087866,0.01091985,0.9983535
1714909078217,1.43652,1.574609,1.194072,0.05541363,-0.009033147,0.01090474,0.9983631
1714909078231,1.43662,1.574604,1.193827,0.05511969,-0.008980596,0.0106324,0.9983827
1714909078246,1.436753,1.574616,1.193559,0.05474431,-0.008780353,0.0104759,0.9984068
1714909078260,1.436885,1.574644,1.193313,0.05434415,-0.008663546,0.0103504,0.998431
1714909078273,1.437008,1.57469,1.193091,0.05414563,-0.008372157,0.01016722,0.9984462
1714909078287,1.437127,1.5747,1.192859,0.05385275,-0.008022079,0.009858098,0.998468
1714909078301,1.437265,1.574701,1.192611,0.05368704,-0.007663633,0.009525524,0.9984829
1714909078315,1.437336,1.574698,1.192335,0.05338756,-0.007177639,0.009090176,0.9985068
1714909078328,1.437425,1.574723,1.192037,0.0530896,-0.006895024,0.009093396,0.9985245
1714909078343,1.437515,1.574784,1.19175,0.05274659,-0.006629766,0.008918691,0.9985462
1714909078356,1.437578,1.574833,1.19147,0.05239209,-0.00649948,0.008848935,0.9985663
1714909078371,1.437592,1.574907,1.191187,0.05202226,-0.006463537,0.008785781,0.9985864
1714909078384,1.437676,1.574931,1.190911,0.05172402,-0.006403616,0.008925865,0.998601
1714909078398,1.437682,1.57492,1.190581,0.05129194,-0.006284162,0.008912723,0.9986241
1714909078413,1.43771,1.574895,1.190248,0.05082008,-0.006199374,0.008891103,0.998649
1714909078426,1.437796,1.574951,1.189965,0.05038287,-0.006240378,0.008952487,0.9986703
1714909078441,1.437852,1.575046,1.189706,0.05009257,-0.006103559,0.008990336,0.9986855
1714909078454,1.437916,1.57508,1.189445,0.04977397,-0.005943632,0.009105362,0.9987013
1714909078468,1.437939,1.575105,1.189196,0.04938434,-0.005819079,0.008973437,0.9987226
1714909078482,1.437948,1.575136,1.188911,0.04908122,-0.005701164,0.008973332,0.9987382
1714909078496,1.43799,1.575163,1.188656,0.04876093,-0.005613981,0.009013686,0.998754
1714909078510,1.438034,1.575206,1.188367,0.04839789,-0.005486067,0.008965131,0.9987729
1714909078524,1.43811,1.575257,1.18812,0.04805063,-0.005423889,0.00895318,0.9987901
1714909078538,1.438151,1.575348,1.187855,0.04794897,-0.005208309,0.008770514,0.9987977
1714909078552,1.438225,1.575382,1.187602,0.04765721,-0.005055852,0.008734976,0.9988127
1714909078566,1.438307,1.575405,1.187355,0.04740057,-0.004880968,0.008798172,0.9988253
1714909078580,1.438382,1.575437,1.187103,0.04711992,-0.004748187,0.008889822,0.9988384
1714909078593,1.438468,1.575467,1.186852,0.04666156,-0.004678255,0.008960354,0.9988596
1714909078608,1.438564,1.575518,1.18657,0.04640739,-0.004479707,0.00901601,0.9988719
1714909078621,1.438655,1.575573,1.186294,0.04596127,-0.004173083,0.008822284,0.9988956
1714909078635,1.438829,1.575585,1.18595,0.04570011,-0.003931586,0.0087015,0.9989096
1714909078649,1.438957,1.575632,1.185628,0.04553957,-0.003769741,0.008442395,0.9989198
1714909078663,1.439046,1.575715,1.185353,0.04541547,-0.003564486,0.00811052,0.9989289
1714909078676,1.439096,1.575843,1.185196,0.04513741,-0.003277377,0.007871687,0.9989444
1714909078691,1.439242,1.575942,1.185017,0.04467209,-0.003143389,0.007785145,0.9989664
1714909078705,1.43935,1.57599,1.184747,0.04414494,-0.00290481,0.007880876,0.9989898
1714909078718,1.439485,1.576109,1.18458,0.04356093,-0.002919957,0.008050743,0.9990141
1714909078732,1.439608,1.576203,1.184424,0.04309447,-0.002906021,0.00826193,0.9990326
1714909078747,1.439708,1.576286,1.184309,0.04283005,-0.002834274,0.008353909,0.9990435
1714909078760,1.439821,1.576344,1.184178,0.0426165,-0.002888393,0.008186756,0.9990538
1714909078774,1.439947,1.576386,1.184044,0.04252806,-0.002754607,0.008208084,0.9990578
1714909078788,1.44009,1.576433,1.183883,0.04233437,-0.002710668,0.008202462,0.9990662
1714909078802,1.440227,1.57647,1.183686,0.04200646,-0.002485674,0.008146759,0.9990811
1714909078816,1.440381,1.576512,1.183487,0.04181609,-0.002154214,0.007911902,0.9990917
1714909078830,1.44058,1.576539,1.183337,0.04172681,-0.001834372,0.007743089,0.9990974
1714909078844,1.440789,1.576568,1.183198,0.04172273,-0.001396363,0.007601061,0.9990993
1714909078858,1.441007,1.576593,1.183053,0.04176607,-0.0008986436,0.007265919,0.9991006
1714909078872,1.441244,1.576593,1.182883,0.04179519,-0.0005043046,0.006961816,0.9991018
1714909078886,1.441495,1.576592,1.182704,0.04183731,-7.304558E-05,0.006772662,0.9991015
1714909078900,1.44172,1.57662,1.182555,0.04167059,0.0003568371,0.006619735,0.9991094
1714909078914,1.441923,1.576639,1.182436,0.04143006,0.0006813416,0.006583876,0.9991195
1714909078927,1.442128,1.576665,1.182304,0.04151725,0.0009071567,0.00635625,0.9991171
1714909078942,1.442302,1.576672,1.182183,0.04154724,0.001364183,0.005907001,0.9991181
1714909078955,1.442457,1.576722,1.182031,0.04165022,0.001791102,0.005667703,0.9991146
1714909078970,1.442627,1.576764,1.181894,0.04148732,0.001983003,0.005879876,0.9991198
1714909078983,1.44279,1.576788,1.181785,0.0413711,0.002203832,0.00598098,0.9991235
1714909078997,1.442945,1.576816,1.181701,0.0412962,0.002409818,0.005810821,0.9991271
1714909079011,1.443092,1.576846,1.181633,0.04126088,0.002648564,0.005346611,0.9991306
1714909079025,1.443231,1.576893,1.181569,0.04128198,0.0030456,0.004881661,0.999131
1714909079039,1.443395,1.576945,1.181486,0.04126668,0.003270426,0.004635708,0.999132
1714909079053,1.44354,1.576992,1.18141,0.04123653,0.003543137,0.004515673,0.9991329
1714909079067,1.443666,1.577,1.181371,0.04113216,0.003730546,0.004527986,0.9991365
1714909079081,1.443802,1.576976,1.181321,0.04106402,0.003945925,0.004659221,0.9991379
1714909079094,1.443909,1.576961,1.181264,0.04112572,0.00428783,0.00462516,0.9991341
1714909079109,1.444003,1.576958,1.181175,0.04118806,0.004421529,0.004577423,0.9991311
1714909079123,1.444047,1.576956,1.181078,0.04115692,0.004800823,0.004612239,0.9991305
1714909079136,1.444103,1.576966,1.180983,0.04130429,0.005022139,0.004588435,0.9991235
1714909079151,1.444172,1.576963,1.180925,0.04157621,0.005183752,0.004663597,0.999111
1714909079165,1.444233,1.576949,1.18088,0.0417569,0.005293347,0.004841194,0.9991021
1714909079178,1.444269,1.576969,1.180851,0.04196072,0.00547745,0.004796423,0.9990928
1714909079192,1.444303,1.576964,1.180815,0.04196426,0.005640044,0.004927411,0.999091
1714909079206,1.444322,1.576973,1.180782,0.04181745,0.005706643,0.004974881,0.9990966
1714909079220,1.444332,1.577008,1.180756,0.04188175,0.005757184,0.005111606,0.9990929
1714909079234,1.444351,1.576995,1.180752,0.04171385,0.005772484,0.005290885,0.9990989
1714909079248,1.444354,1.576996,1.180758,0.04191473,0.005760443,0.005183509,0.9990911
1714909079262,1.444368,1.576972,1.180782,0.04183544,0.005646407,0.005158387,0.9990953
1714909079276,1.444307,1.576908,1.180776,0.04190318,0.005606118,0.005252656,0.9990922
1714909079290,1.444267,1.576876,1.180759,0.04199234,0.005430711,0.005387309,0.9990886
1714909079304,1.444246,1.576886,1.180778,0.04200327,0.00535312,0.00560782,0.9990874
1714909079317,1.444266,1.576915,1.180791,0.04211607,0.005044296,0.0057252,0.9990836
1714909079331,1.444281,1.57692,1.180825,0.04213898,0.005006342,0.005669403,0.9990832
1714909079346,1.444304,1.576919,1.180865,0.04210384,0.004989025,0.005434883,0.999086
1714909079359,0.9992645,1.652991,0.7161352,0.04208339,-0.0004164642,0.00550459,0.9990988
1714909079373,0.9993411,1.652953,0.716183,0.04198506,-0.000237916,0.005407359,0.9991036
1714909079387,0.9994097,1.65293,0.7162427,0.04198504,1.864298E-05,0.005333478,0.999104
1714909079402,0.999483,1.652902,0.7162966,0.04206624,0.0002742571,0.005347602,0.9991005
1714909079415,0.9995435,1.652883,0.7163548,0.04211476,0.0005132347,0.005320108,0.9990985
1714909079428,0.9995936,1.652838,0.7163885,0.04227669,0.000919006,0.005266606,0.9990916
1714909079442,0.9996471,1.652793,0.7163653,0.04248055,0.001256992,0.005210483,0.9990829
1714909079456,0.9997106,1.652735,0.716337,0.04276545,0.001688562,0.005269548,0.9990698
1714909079470,0.9997987,1.652671,0.7163748,0.04291504,0.002100799,0.005350738,0.9990622
1714909079484,0.9998924,1.652618,0.7164097,0.04297888,0.002506394,0.00552704,0.9990575
1714909079498,0.9999821,1.652598,0.7164416,0.04316309,0.002935848,0.005569316,0.9990483
1714909079512,1.000112,1.652569,0.7164571,0.04333507,0.003343269,0.005584113,0.9990394
1714909079526,1.00026,1.652558,0.7164738,0.04349624,0.003907454,0.005322921,0.9990318
1714909079540,1.00043,1.65255,0.7165178,0.04350269,0.00449859,0.005314111,0.999029
1714909079553,1.000602,1.65256,0.7165882,0.04355653,0.005388388,0.005401539,0.9990218
1714909079568,1.000811,1.652565,0.7166572,0.04360832,0.006390203,0.005157629,0.999015
1714909079581,1.001086,1.652558,0.7167075,0.04382631,0.00776166,0.004925867,0.9989969
1714909079596,1.001389,1.652529,0.7166865,0.04418045,0.00955771,0.004360588,0.9989683
1714909079610,1.001784,1.652461,0.716662,0.04430905,0.01211538,0.003199933,0.9989393
1714909079623,1.002774,1.652476,0.7166891,0.04465282,0.01543686,0.002035443,0.9988812
1714909079637,1.003562,1.652415,0.7167266,0.0449051,0.01957559,0.001351463,0.9987985
1714909079651,1.004517,1.65227,0.7167898,0.04508495,0.02480703,0.000626409,0.9986749
1714909079666,1.005599,1.652161,0.7168002,0.04573779,0.03113529,-0.000522956,0.998468
1714909079679,1.006982,1.651972,0.716719,0.04709179,0.03974399,-0.001918252,0.9980977
1714909079693,1.008691,1.651694,0.7166994,0.04841554,0.05006523,-0.003377486,0.997566
1714909079707,1.010784,1.651179,0.7165866,0.050021,0.06300602,-0.004066968,0.9967505
1714909079721,1.013028,1.65074,0.7163584,0.05217271,0.07694787,-0.004707532,0.995658
1714909079735,1.015591,1.650086,0.7160525,0.05465668,0.09343872,-0.005200693,0.9941101
1714909079748,1.018243,1.64936,0.7156846,0.05683313,0.1109471,-0.006471018,0.9921789
1714909079763,1.021021,1.648809,0.715119,0.05928541,0.129664,-0.007412274,0.9897564
1714909079776,1.023849,1.648172,0.7145544,0.06085427,0.1481071,-0.008148353,0.9870636
1714909079790,1.026795,1.647777,0.713836,0.06341975,0.1676347,-0.008380502,0.9837715
1714909079805,1.029743,1.647099,0.7131274,0.06534536,0.1874125,-0.00978196,0.9800566
1714909079818,1.032795,1.646369,0.7121419,0.06715064,0.2069423,-0.0110915,0.9759829
1714909079833,1.035675,1.645815,0.7112768,0.06902658,0.2258537,-0.01246089,0.9716327
1714909079846,1.038483,1.645375,0.7103347,0.07114946,0.243588,-0.01359051,0.9671701
1714909079860,1.041089,1.644882,0.7094567,0.07300284,0.2605652,-0.01546618,0.962568
1714909079873,1.04402,1.644299,0.7083601,0.07383277,0.2779233,-0.01851781,0.9575827
1714909079888,1.046678,1.643935,0.7070225,0.07594585,0.294688,-0.02179119,0.9523216
1714909079902,1.049393,1.643472,0.705811,0.0779689,0.3109367,-0.02361112,0.9469328
1714909079916,1.051918,1.643077,0.7045661,0.07992385,0.325874,-0.02498079,0.9416975
1714909079931,1.054269,1.642699,0.7032621,0.08191442,0.3398864,-0.02695411,0.9365045
1714909079944,1.056631,1.642319,0.7021891,0.08309641,0.3527422,-0.02859537,0.9315848
1714909079958,1.059043,1.641924,0.7009871,0.08381221,0.3654369,-0.03023625,0.9265621
1714909079972,1.061241,1.641657,0.6999081,0.08436876,0.377718,-0.03256657,0.9214936
1714909079986,1.063709,1.641317,0.6988139,0.08308861,0.3890508,-0.03274197,0.9168772
1714909080000,1.065796,1.641589,0.6978135,0.08434983,0.399502,-0.03545576,0.9121547
1714909080014,1.068025,1.641209,0.6970936,0.0841665,0.4096374,-0.03613792,0.9076383
1714909080028,1.069897,1.641291,0.6959816,0.0858333,0.4178632,-0.03794456,0.9036499
1714909080042,1.071691,1.641077,0.6954373,0.0866719,0.4263328,-0.03942679,0.8995409
1714909080056,1.073478,1.640897,0.6947669,0.08723631,0.4341267,-0.04097201,0.8956814
1714909080069,1.07505,1.640749,0.6942784,0.08789226,0.4411607,-0.04227388,0.8921127
1714909080084,1.0766,1.640746,0.6938627,0.0881897,0.4472126,-0.04357604,0.889002
1714909080097,1.078232,1.640842,0.6935859,0.08826367,0.4532803,-0.04384228,0.8859032
1714909080112,1.079929,1.640852,0.6935549,0.08557896,0.4591243,-0.04377284,0.8831563
1714909080126,1.081208,1.640971,0.6927559,0.08757917,0.464433,-0.04318517,0.8802085
1714909080140,1.082525,1.640883,0.692384,0.08865608,0.469673,-0.04307598,0.8773208
1714909080153,1.083691,1.640827,0.6921399,0.08933827,0.4744852,-0.04297639,0.8746631
1714909080167,1.084973,1.640823,0.6921592,0.0881147,0.4789164,-0.04304358,0.8723658
1714909080181,1.08607,1.641298,0.6918017,0.08893771,0.4826894,-0.04327868,0.8701885
1714909080195,1.087233,1.641459,0.6916968,0.08881011,0.4865593,-0.04321599,0.8680468
1714909080209,1.088326,1.64178,0.6916867,0.08848657,0.4898163,-0.04335462,0.8662393
1714909080223,1.089368,1.641837,0.6917682,0.08783391,0.4922872,-0.04320785,0.8649113
1714909080237,1.090264,1.641724,0.6919117,0.08737279,0.4944181,-0.04343384,0.8637304
1714909080251,1.091112,1.641771,0.6919897,0.08682953,0.4960169,-0.0442164,0.8628283
1714909080265,1.091968,1.641786,0.6920683,0.08657685,0.4977194,-0.04540122,0.8618112
1714909080279,1.092852,1.641834,0.6920077,0.08700605,0.4993099,-0.04593083,0.8608193
1714909080292,1.093813,1.642021,0.6919979,0.08671603,0.5009236,-0.04562866,0.8599268
1714909080307,1.094582,1.642075,0.6920345,0.08603378,0.502524,-0.04497566,0.8590955
1714909080321,1.09526,1.642281,0.6920033,0.08578751,0.5037999,-0.04483784,0.8583797
1714909080335,1.096001,1.642349,0.6919535,0.08530837,0.5053809,-0.04446514,0.8575171
1714909080348,1.09673,1.642531,0.6918997,0.08496617,0.5070455,-0.0447919,0.8565508
1714909080362,1.09753,1.642787,0.6918662,0.0844509,0.508636,-0.04548174,0.855622
1714909080376,1.098282,1.642952,0.6918651,0.08401781,0.5097656,-0.04585471,0.8549722
1714909080391,1.099125,1.643305,0.6918189,0.08350183,0.5105746,-0.04577088,0.8545443
1714909080404,1.099707,1.643216,0.6919594,0.08389948,0.5107671,-0.04581122,0.8543882
1714909080418,1.100664,1.643362,0.6922019,0.08269378,0.51109,-0.04592984,0.8543062
1714909080432,1.10151,1.643572,0.6923505,0.08223023,0.5110807,-0.04574651,0.8543664
1714909080446,1.102417,1.643723,0.6924226,0.08104966,0.5108621,-0.0451972,0.8546392
1714909080460,1.103297,1.643986,0.6925832,0.08020478,0.5105479,-0.04509199,0.8549121
1714909080473,1.104093,1.644144,0.6926963,0.08017119,0.5101278,-0.04470663,0.8551863
1714909080488,1.104892,1.644111,0.6927902,0.07989226,0.5094076,-0.04378791,0.855689
1714909080502,1.105619,1.644202,0.6929479,0.0795716,0.5088124,-0.04368245,0.8560783
1714909080516,1.106388,1.644382,0.6930708,0.07905712,0.5082829,-0.04399799,0.8564245
1714909080530,1.107236,1.644669,0.6932242,0.07842577,0.508038,-0.04401678,0.8566267
1714909080544,1.108097,1.644856,0.6933835,0.07760649,0.5077124,-0.04357377,0.856917
1714909080557,1.108887,1.645006,0.693548,0.07744805,0.5071201,-0.04272547,0.8573247
1714909080571,1.109671,1.64521,0.6938237,0.07736392,0.5064619,-0.04213347,0.8577505
1714909080586,1.110454,1.645256,0.6940931,0.07721709,0.5055867,-0.04154798,0.8583084
1714909080599,1.111206,1.645489,0.6942905,0.07720704,0.5046867,-0.04117757,0.8588567
1714909080614,1.11203,1.645635,0.6945051,0.07675952,0.5038017,-0.04106769,0.8594215
1714909080627,1.112838,1.645868,0.6947631,0.07639849,0.50301,-0.04089826,0.8599253
1714909080641,1.11363,1.645848,0.6950787,0.07578213,0.5020981,-0.04076836,0.8605188
1714909080655,1.114283,1.645778,0.6952856,0.07549477,0.5013021,-0.04070067,0.8610111
1714909080669,1.114886,1.645781,0.6953922,0.07585614,0.5004765,-0.04090628,0.8614498
1714909080683,1.115541,1.645905,0.6955021,0.07609823,0.4997291,-0.04092685,0.8618613
1714909080696,1.116183,1.6459,0.695687,0.07583832,0.4991195,-0.04092695,0.8622374
1714909080711,1.116819,1.645969,0.6958806,0.07585154,0.4985704,-0.04134036,0.8625341
1714909080725,1.117493,1.646084,0.6960959,0.07552145,0.497951,-0.0416097,0.8629079
1714909080738,1.118046,1.646036,0.6962323,0.07481492,0.4975946,-0.04178696,0.8631664
1714909080752,1.118407,1.646007,0.6962933,0.07458448,0.4973256,-0.04264863,0.8632992
1714909080766,1.11878,1.645998,0.6963577,0.07470542,0.4970486,-0.04288792,0.8634364
1714909080780,1.11907,1.645955,0.6963937,0.07495716,0.4967241,-0.04284293,0.8636036
1714909080794,1.119304,1.645804,0.6964763,0.07515814,0.4964587,-0.04311483,0.8637252
1714909080808,1.119418,1.645621,0.6965241,0.07560612,0.4963058,-0.04363477,0.8637478
1714909080822,1.119505,1.645464,0.696551,0.0757864,0.4963152,-0.04420643,0.8636975
1714909080836,1.119899,1.64545,0.6966438,0.07605474,0.496563,-0.04455739,0.8635135
1714909080850,1.119835,1.645322,0.6966258,0.07636145,0.4968272,-0.04456603,0.863334
1714909080864,1.119749,1.645201,0.6966655,0.07686153,0.4968647,-0.04424294,0.8632846
1714909080877,1.119664,1.645058,0.6967844,0.07729057,0.4967538,-0.0440604,0.8633195
1714909080892,1.119502,1.644899,0.6969582,0.07760286,0.4965671,-0.04378501,0.8634129
1714909080906,1.119284,1.644725,0.6970721,0.07768071,0.4964575,-0.0440565,0.8634551
1714909080919,1.119045,1.644567,0.6971063,0.07792305,0.4963859,-0.04468388,0.8634422
1714909080933,1.118775,1.64444,0.6971054,0.0779757,0.4965141,-0.04511106,0.8633415
1714909080947,1.11851,1.64435,0.6971212,0.07830907,0.4964627,-0.04533786,0.863329
1714909080961,1.11825,1.644296,0.6971864,0.07892635,0.4961874,-0.04559819,0.8634174
1714909080975,1.117975,1.644228,0.6972691,0.07933328,0.4958681,-0.04577819,0.863554
1714909080989,1.117517,1.644203,0.6974235,0.07959082,0.4955207,-0.04616724,0.8637089
1714909081003,1.117268,1.644245,0.6976609,0.0793822,0.4952261,-0.04635099,0.8638873
1714909081016,1.116948,1.644305,0.6978982,0.07898201,0.4947252,-0.04633829,0.8642116
1714909081031,1.116654,1.644345,0.6981877,0.07871295,0.4938973,-0.04622146,0.8647157
1714909081045,1.11637,1.644387,0.6984892,0.07896891,0.4929421,-0.0457732,0.8652611
1714909081058,1.116062,1.644521,0.698711,0.07918742,0.4918883,-0.04555503,0.8658522
1714909081072,1.115771,1.644674,0.6989625,0.0793549,0.4912444,-0.04519271,0.8662214
1714909081087,1.11547,1.64469,0.6992729,0.07896537,0.4908362,-0.04465487,0.8665162
1714909081100,1.115089,1.644781,0.6995552,0.07873569,0.4903207,-0.04468293,0.8668274
1714909081114,1.114728,1.644876,0.6999803,0.0783679,0.4896828,-0.04475266,0.8672177
1714909081128,1.114391,1.644909,0.7004614,0.07816096,0.4888887,-0.04442649,0.867701
1714909081142,1.113981,1.644922,0.7009866,0.07830396,0.4877264,-0.04398593,0.8683644
1714909081156,1.113549,1.645045,0.7015501,0.07876089,0.4863435,-0.04380112,0.8691077
1714909081170,1.113215,1.645207,0.7020241,0.07888325,0.4848946,-0.04378131,0.8699068
1714909081184,1.11292,1.645318,0.702571,0.07804024,0.4838297,-0.04425558,0.8705515
1714909081198,1.11266,1.645462,0.7031881,0.07729149,0.482935,-0.04464178,0.8710952
1714909081212,1.112426,1.645588,0.703756,0.07655626,0.4816999,-0.0445707,0.8718474
1714909081226,1.111998,1.64581,0.7044805,0.07637253,0.4803921,-0.04477637,0.8725742
1714909081240,1.111624,1.645963,0.7052139,0.07608882,0.4789575,-0.04477204,0.8733875
1714909081254,1.111292,1.64614,0.7058446,0.07617396,0.4775548,-0.04436485,0.8741686
1714909081267,1.111184,1.646256,0.7063236,0.07601164,0.4766432,-0.044162,0.8746904
1714909081281,1.111134,1.646572,0.7068484,0.07571442,0.4764712,-0.04468098,0.8747835
1714909081295,1.111176,1.64679,0.7075672,0.0750519,0.4764171,-0.04494725,0.8748564
1714909081309,1.111268,1.646992,0.7082443,0.07477651,0.4762545,-0.04525178,0.8749529
1714909081323,1.111519,1.647012,0.7089738,0.07402076,0.4762502,-0.04563102,0.8749997
1714909081336,1.111764,1.647282,0.7096927,0.07366904,0.4762931,-0.04650432,0.8749601
1714909081351,1.112347,1.64777,0.7104486,0.0734124,0.4764192,-0.04763469,0.8748522
1714909081365,1.11314,1.647902,0.7110052,0.07245698,0.4763117,-0.04759086,0.8749927
1714909081379,1.114014,1.647967,0.7114596,0.07104424,0.4762479,-0.04795943,0.8751232
1714909081393,1.115104,1.647908,0.7118883,0.06976363,0.4760577,-0.04813094,0.8753202
1714909081406,1.116285,1.647781,0.7122108,0.06891512,0.4758181,-0.04771945,0.8755402
1714909081420,1.117703,1.647446,0.7123789,0.06787478,0.4751319,-0.04710935,0.876027
1714909081434,1.119374,1.646924,0.7122644,0.06622627,0.4740894,-0.04670129,0.8767396
1714909081449,1.121313,1.646684,0.7116407,0.06494716,0.4732251,-0.04754504,0.8772567
1714909081462,1.123726,1.646613,0.711012,0.06388451,0.473212,-0.04900216,0.8772616
1714909081476,1.126449,1.646909,0.7102091,0.06407429,0.4736817,-0.05055792,0.8769059
1714909081490,1.129376,1.647126,0.7093071,0.06434871,0.4735233,-0.05124484,0.8769315
1714909081504,1.132539,1.647299,0.7083935,0.06415068,0.4726458,-0.05187638,0.8773822
1714909081518,1.136099,1.647319,0.7072885,0.06361031,0.4711386,-0.05264198,0.8781862
1714909081531,1.139976,1.647426,0.7059004,0.06333385,0.4694874,-0.05364441,0.8790294
1714909081546,1.144119,1.647479,0.7044097,0.06300312,0.467848,-0.05409266,0.8798994
1714909081560,1.148484,1.647466,0.7027323,0.06273094,0.4661093,-0.05426892,0.8808302
1714909081574,1.153165,1.647478,0.7008329,0.06240896,0.4641491,-0.05454839,0.8818703
1714909081588,1.158052,1.647416,0.6989073,0.06179456,0.4622564,-0.05512331,0.8828713
1714909081602,1.163208,1.647295,0.6968778,0.06122544,0.4603986,-0.05569191,0.8838456
1714909081616,1.168548,1.647414,0.6948138,0.06118896,0.4585664,-0.05663975,0.8847399
1714909081630,1.174231,1.647378,0.6926116,0.0602442,0.4565917,-0.05653218,0.8858323
1714909081643,1.180054,1.647165,0.6903422,0.05916469,0.4546678,-0.05642393,0.8869008
1714909081658,1.186044,1.64691,0.6879727,0.0579964,0.4527572,-0.05630051,0.8879626
1714909081671,1.192451,1.646611,0.6853959,0.05682572,0.4510688,-0.05643324,0.8888887
1714909081685,1.199023,1.646305,0.6827137,0.05560524,0.4496518,-0.05681653,0.889659
1714909081699,1.205806,1.645905,0.6800414,0.05465655,0.4481073,-0.056455,0.8905197
1714909081713,1.212587,1.645556,0.6774733,0.05423066,0.445794,-0.05585457,0.8917438
1714909081726,1.219578,1.645096,0.6748408,0.05372468,0.4422207,-0.05473566,0.893621
1714909081741,1.226851,1.644795,0.672456,0.05308256,0.438604,-0.05387104,0.8954925
1714909081754,1.234549,1.64452,0.670068,0.051609,0.4345257,-0.05279985,0.8976281
1714909081769,1.242455,1.64394,0.6677207,0.05020815,0.4306909,-0.05101129,0.8996568
1714909081782,1.250554,1.643282,0.6652313,0.04910132,0.4261754,-0.04876113,0.9019901
1714909081796,1.258777,1.642451,0.6629491,0.04850857,0.4214682,-0.04534486,0.9044088
1714909081810,1.267131,1.641747,0.6607226,0.04808958,0.4157532,-0.04185039,0.9072405
1714909081824,1.275701,1.640996,0.6586911,0.04771702,0.4096856,-0.0381479,0.9101788
1714909081838,1.284458,1.640244,0.656693,0.04713294,0.4029816,-0.03470139,0.9133346
1714909081852,1.293404,1.639132,0.6546062,0.04602179,0.3965092,-0.03100263,0.9163522
1714909081866,1.302226,1.637767,0.652374,0.04440259,0.3906079,-0.02761339,0.919071
1714909081880,1.310722,1.636301,0.6500062,0.0434864,0.3851273,-0.02466498,0.9215083
1714909081894,1.319322,1.636447,0.6478274,0.04661771,0.3790121,-0.02340936,0.9239203
1714909081907,1.328392,1.638322,0.6460692,0.05276892,0.3718515,-0.02285664,0.9265093
1714909081922,1.337868,1.639219,0.6443986,0.054466,0.3636959,-0.01705817,0.9297677
1714909081936,1.34719,1.639541,0.6429672,0.05415892,0.3555288,-0.008301518,0.933058
1714909081949,1.355613,1.638752,0.6412666,0.05210678,0.34784,-0.002047501,0.9361026
1714909081964,1.363409,1.638143,0.639541,0.05038426,0.3413307,-0.0002130903,0.9385919
1714909081977,1.371093,1.638662,0.6379373,0.0501299,0.3360928,-0.001748199,0.9404922
1714909081992,1.378709,1.639186,0.6362848,0.04923228,0.3318084,-0.004707955,0.9420494
1714909082006,1.386312,1.639667,0.6348685,0.04830959,0.3292804,-0.007571931,0.9429651
1714909082020,1.39361,1.640371,0.633366,0.04780089,0.3270193,-0.008287747,0.9437716
1714909082032,1.400378,1.641272,0.6321437,0.04752404,0.3249182,-0.008106399,0.9445125
1714909082047,1.406757,1.642091,0.6310819,0.0469001,0.3221633,-0.007396935,0.9454927
1714909082061,1.412696,1.642954,0.6301917,0.04608029,0.3189361,-0.006663423,0.9466319
1714909082074,1.418595,1.643851,0.6293306,0.04514011,0.3158405,-0.006312918,0.9477169
1714909082089,1.424305,1.645027,0.628509,0.04505803,0.3132325,-0.005814837,0.9485891
1714909082103,1.429758,1.646119,0.6278145,0.04468667,0.3106465,-0.003750538,0.9494671
1714909082116,1.434864,1.647019,0.6272259,0.04432572,0.307594,-0.001168806,0.950484
1714909082131,1.439659,1.647885,0.6268184,0.04392419,0.3039446,0.0004244664,0.9516765
1714909082144,1.444286,1.648736,0.6264768,0.04404484,0.299721,0.00118507,0.9530089
1714909082158,1.448737,1.649417,0.6261041,0.04401232,0.2955168,0.001366907,0.9543222
1714909082172,1.452821,1.649945,0.6257759,0.04463802,0.2914535,0.0007887902,0.9555426
1714909082186,1.456669,1.650231,0.6253437,0.0449267,0.2871374,-0.0001489909,0.9568353
1714909082200,1.460234,1.650497,0.6250849,0.04547704,0.2834004,-0.001196766,0.957922
1714909082214,1.463746,1.65066,0.6247054,0.04589606,0.279402,-0.002225932,0.9590741
1714909082228,1.467088,1.650744,0.6244383,0.04587944,0.275587,-0.003111906,0.9601756
1714909082242,1.470333,1.650601,0.6241196,0.04556063,0.271914,-0.003751043,0.9612351
1714909082255,1.473407,1.65042,0.623868,0.04546901,0.2685007,-0.00450867,0.9621952
1714909082269,1.476347,1.650321,0.6235622,0.04557387,0.2649938,-0.005312939,0.9631579
1714909082283,1.479146,1.650358,0.6233224,0.04624954,0.2618467,-0.006742188,0.9639771
1714909082298,1.481856,1.649962,0.6230385,0.04565925,0.2586604,-0.007914031,0.9648561
1714909082312,1.484378,1.649495,0.6228015,0.04527952,0.2558486,-0.009190435,0.9656121
1714909082325,1.486802,1.648905,0.6224054,0.04472318,0.2529069,-0.01107383,0.9663929
1714909082340,1.489123,1.648474,0.6220711,0.04500509,0.2498166,-0.0132677,0.9671557
1714909082353,1.491423,1.648018,0.621723,0.04518437,0.2463349,-0.01501638,0.9680145
1714909082366,1.49349,1.647791,0.6214304,0.04599203,0.2427952,-0.01624069,0.9688506
1714909082381,1.495406,1.647541,0.6210842,0.04682073,0.2391482,-0.0174566,0.9696965
1714909082394,1.497324,1.64744,0.6206681,0.04775884,0.2355678,-0.01919606,0.9704939
1714909082408,1.499248,1.647345,0.6202503,0.04830357,0.2324529,-0.02100754,0.9711803
1714909082422,1.501153,1.64734,0.6199144,0.04876075,0.2299089,-0.02211884,0.9717382
1714909082436,1.503027,1.647527,0.6194495,0.04923092,0.2271197,-0.02216321,0.9723691
1714909082451,1.504725,1.647514,0.6190797,0.04887128,0.2245954,-0.02175131,0.9729828
1714909082465,1.506271,1.647603,0.6186807,0.04864845,0.2221185,-0.02166031,0.9735643
1714909082478,1.507744,1.647658,0.6181664,0.04874834,0.2194167,-0.02231195,0.9741572
1714909082493,1.5092,1.647634,0.6176639,0.04872031,0.2169712,-0.02268927,0.9746974
1714909082506,1.510611,1.647455,0.6171538,0.04871731,0.214754,-0.02265126,0.9751893
1714909082520,1.511976,1.647036,0.6165623,0.04814549,0.2124155,-0.02192169,0.9757465
1714909082534,1.513061,1.646462,0.6159387,0.04741047,0.2103967,-0.02174388,0.9762237
1714909082547,1.513997,1.646281,0.6152318,0.04795047,0.2082841,-0.02286587,0.9766246
1714909082562,1.514911,1.646038,0.6146354,0.04794905,0.2061941,-0.02365259,0.9770494
1714909082576,1.515767,1.645781,0.6139921,0.04791796,0.2043514,-0.02429178,0.9774223
1714909082590,1.516496,1.645533,0.6133163,0.04787436,0.2028414,-0.02563132,0.9777047
1714909082604,1.517065,1.645374,0.6128368,0.04749305,0.202307,-0.02700331,0.9777971
1714909082618,1.517551,1.645233,0.612377,0.04691172,0.2018903,-0.02836409,0.9778727
1714909082632,1.517905,1.64508,0.612008,0.04623332,0.2013009,-0.02950111,0.9779929
1714909082645,1.518158,1.645031,0.6117104,0.04617722,0.2006742,-0.0306637,0.9780886
1714909082659,1.518318,1.644906,0.6114444,0.0461267,0.1998809,-0.03144458,0.9782286
1714909082672,1.51828,1.644955,0.6112501,0.0464456,0.1993763,-0.03207793,0.9782959
1714909082687,1.51799,1.645152,0.6111183,0.04685305,0.1988898,-0.03286887,0.9783493
1714909082701,1.517519,1.645345,0.611124,0.04693462,0.1984594,-0.03363679,0.9784067
1714909082715,1.517798,1.645203,0.6107458,0.04699772,0.1981076,-0.03388901,0.9784662
1714909082729,1.516038,1.645509,0.6110957,0.04761884,0.1975629,-0.03379147,0.9785497
1714909082743,1.515023,1.645591,0.6111978,0.0479713,0.1967438,-0.03318644,0.9787182
1714909082756,1.513781,1.645676,0.611331,0.04852173,0.1955851,-0.03182048,0.9789686
1714909082771,1.51239,1.645753,0.6115775,0.04885938,0.1944083,-0.0305528,0.9792266
1714909082784,1.510712,1.645997,0.6118574,0.04962311,0.1932708,-0.02956787,0.9794436
1714909082798,1.509034,1.64613,0.6122087,0.05015048,0.1922157,-0.02887989,0.9796448
1714909082812,1.507089,1.646333,0.6126759,0.05101346,0.1914058,-0.02839804,0.9797729
1714909082827,1.50494,1.646662,0.6132994,0.05193707,0.1903735,-0.027491,0.9799514
1714909082841,1.502609,1.646875,0.6139699,0.05300909,0.188808,-0.02525359,0.980257
1714909082854,1.500108,1.647159,0.6147684,0.05401425,0.1870271,-0.02355197,0.9805859
1714909082868,1.497456,1.64747,0.6157015,0.05499295,0.185151,-0.02221332,0.9809187
1714909082882,1.494667,1.647749,0.6167679,0.05594096,0.1831994,-0.02088634,0.9812606
1714909082896,1.491724,1.648031,0.6179212,0.05703836,0.181368,-0.0196115,0.9815639
1714909082910,1.488593,1.648357,0.6191801,0.05830603,0.1793618,-0.01868447,0.9818761
1714909082924,1.485308,1.64875,0.6206001,0.05991844,0.1773503,-0.01738404,0.9821683
1714909082937,1.481946,1.649017,0.6220877,0.06111351,0.1751284,-0.01590602,0.9825183
1714909082952,1.478274,1.649215,0.6238239,0.06219007,0.1732837,-0.01481123,0.9827949
1714909082966,1.474444,1.649397,0.6256105,0.06324587,0.1717654,-0.0144181,0.9829999
1714909082980,1.47045,1.649388,0.6274493,0.06394649,0.1706637,-0.01391048,0.9831538
1714909082994,1.46622,1.649398,0.6292386,0.06520586,0.170239,-0.01425263,0.9831398
1714909083007,1.46188,1.649567,0.6310527,0.06704436,0.1704444,-0.01501274,0.9829692
1714909083021,1.457382,1.649601,0.6329609,0.06859824,0.1713015,-0.01480667,0.9827161
1714909083035,1.452739,1.649428,0.6350125,0.06951115,0.1727804,-0.01356361,0.9824109
1714909083050,1.447837,1.649406,0.6370783,0.07066724,0.1746853,-0.01292027,0.9820002
1714909083063,1.442721,1.649221,0.6391096,0.07118281,0.1770113,-0.01287016,0.9815469
1714909083077,1.437321,1.648777,0.6411999,0.071615,0.180456,-0.0125461,0.9808922
1714909083091,1.431621,1.648687,0.6433094,0.07306086,0.1841244,-0.0124371,0.9801049
1714909083105,1.42562,1.648297,0.6454481,0.0736832,0.1877478,-0.01054267,0.9793929
1714909083119,1.419359,1.64803,0.6475642,0.07420249,0.1915517,-0.008429089,0.9786373
1714909083132,1.412845,1.647724,0.6496603,0.07424992,0.1959866,-0.007973636,0.977759
1714909083147,1.406077,1.647342,0.6517444,0.07429606,0.2014912,-0.00848789,0.9766316
1714909083161,1.39901,1.646796,0.6538345,0.07417375,0.207839,-0.008971291,0.9753055
1714909083174,1.39174,1.646395,0.655925,0.07417138,0.2143769,-0.008768147,0.9738913
1714909083189,1.3842,1.646022,0.6581657,0.07396789,0.221064,-0.00777672,0.9724191
1714909083202,1.376485,1.645452,0.6604787,0.07309204,0.2282493,-0.006273984,0.970835
1714909083216,1.368447,1.64493,0.6627831,0.07269312,0.2355467,-0.005776794,0.9691234
1714909083231,1.360069,1.644349,0.6651234,0.07267424,0.2433577,-0.006220636,0.9671901
1714909083245,1.3517,1.643363,0.6675123,0.07165772,0.2519629,-0.00671327,0.9650569
1714909083258,1.34325,1.642649,0.6697442,0.07126252,0.2607051,-0.007025023,0.9627591
1714909083272,1.334609,1.641599,0.6721369,0.07021693,0.2699891,-0.006859946,0.9602752
1714909083286,1.325761,1.640367,0.6744912,0.06865966,0.2792023,-0.006958827,0.9577492
1714909083300,1.316682,1.639498,0.6768848,0.0685866,0.2886882,-0.009049607,0.9549205
1714909083314,1.307453,1.639575,0.6793751,0.07217941,0.2989983,-0.01439218,0.9514111
1714909083328,1.298396,1.64158,0.6821828,0.08048509,0.3094276,-0.02132039,0.9472709
1714909083342,1.289502,1.641469,0.6847231,0.08194201,0.3192392,-0.02413399,0.9438164
1714909083356,1.280667,1.64209,0.6878364,0.08424596,0.3302786,-0.02787081,0.9397031
1714909083370,1.27178,1.642426,0.6904629,0.08607075,0.3413243,-0.03297516,0.9354155
1714909083384,1.263341,1.641598,0.6930959,0.08568594,0.3515818,-0.03441281,0.9315922
1714909083397,1.25479,1.640862,0.6953937,0.08539166,0.3608091,-0.03362808,0.9281133
1714909083412,1.246463,1.640024,0.6977429,0.08460774,0.3693558,-0.03282926,0.924846
1714909083426,1.238568,1.639609,0.699992,0.08479907,0.3773803,-0.03197277,0.9216133
1714909083439,1.23105,1.639836,0.7021809,0.08591153,0.3851793,-0.03212288,0.9182724
1714909083453,1.223999,1.640005,0.7044959,0.08626889,0.3924937,-0.03096211,0.9151763
1714909083467,1.217461,1.6401,0.7064781,0.08623119,0.3988735,-0.02768778,0.9125226
1714909083481,1.211048,1.640224,0.7083184,0.08786627,0.4050126,-0.02498849,0.9097362
1714909083495,1.20498,1.640505,0.7101907,0.09059252,0.4111942,-0.02358328,0.9067283
1714909083509,1.199482,1.640919,0.7118244,0.09352753,0.417114,-0.02292746,0.9037383
1714909083523,1.194376,1.641468,0.7133431,0.09579637,0.4231933,-0.02275858,0.9006734
1714909083536,1.189659,1.642196,0.7148577,0.09728753,0.4291462,-0.0229741,0.8976864
1714909083550,1.185206,1.643174,0.7164817,0.09816426,0.4348876,-0.02314518,0.8948189
1714909083565,1.18094,1.643985,0.718258,0.09767826,0.4406165,-0.02248514,0.8920821
1714909083579,1.176836,1.644637,0.7196858,0.09724931,0.4456712,-0.02153227,0.8896382
1714909083593,1.172791,1.645256,0.7210022,0.09757534,0.451021,-0.02078769,0.88692
1714909083607,1.168942,1.645633,0.7222314,0.09742353,0.4566877,-0.02010373,0.884048
1714909083620,1.165325,1.645891,0.7231915,0.09710827,0.4625044,-0.01979997,0.8810605
1714909083635,1.161908,1.646277,0.7240997,0.09705514,0.4684578,-0.01984372,0.8779144
1714909083648,1.158657,1.64637,0.7251667,0.09641684,0.474526,-0.01929195,0.8747324
1714909083662,1.155462,1.646619,0.7262967,0.09599237,0.4800352,-0.01918483,0.8717704
1714909083676,1.152495,1.646761,0.7274944,0.0956384,0.4849876,-0.01838565,0.8690813
1714909083690,1.149611,1.647038,0.7286685,0.09591214,0.4894074,-0.01758102,0.8665864
1714909083704,1.147079,1.647321,0.7297588,0.09615029,0.4929363,-0.01677141,0.8645737
1714909083718,1.144708,1.647462,0.7309229,0.09657735,0.4964754,-0.01571529,0.8625184
1714909083732,1.142461,1.647462,0.7319959,0.09690663,0.4995365,-0.01471599,0.8607298
1714909083746,1.140346,1.647508,0.7331178,0.09771807,0.5020717,-0.01392717,0.8591747
1714909083760,1.138373,1.647398,0.7341857,0.09825082,0.5042635,-0.01277401,0.8578473
1714909083774,1.136638,1.647241,0.7352552,0.09862522,0.5058845,-0.01168554,0.8568649
1714909083788,1.134942,1.647153,0.7362639,0.0991465,0.5074768,-0.01046683,0.8558784
1714909083802,1.133456,1.646828,0.7371451,0.09910601,0.5086842,-0.009263032,0.8551798
1714909083816,1.13204,1.64633,0.7379618,0.09933657,0.5098592,-0.007857747,0.8544672
1714909083829,1.130629,1.645864,0.7387375,0.09998184,0.5105301,-0.006895234,0.8539995
1714909083843,1.129363,1.644956,0.7394358,0.09960346,0.5107121,-0.004825501,0.8539491
1714909083857,1.128136,1.644101,0.7401173,0.09932556,0.5108527,-0.002864137,0.8539062
1714909083872,1.127011,1.644169,0.7409742,0.10111,0.5110254,-0.002683999,0.8535939
1714909083886,1.125974,1.64565,0.7419401,0.1049119,0.5110543,-0.004226511,0.8531115
1714909083900,1.1256,1.645265,0.7426699,0.1047571,0.5103066,-0.0009883853,0.8535878
1714909083913,1.124852,1.645039,0.7433564,0.1045881,0.5099546,0.0006987663,0.8538191
1714909083927,1.123843,1.645375,0.7441554,0.1047158,0.5098354,-0.00165818,0.8538734
1714909083941,1.123035,1.645495,0.7449219,0.1046839,0.5097359,-0.002964632,0.8539332
1714909083955,1.122347,1.645941,0.7456437,0.1051185,0.5096408,-0.002885394,0.8539369
1714909083969,1.121673,1.646197,0.7464865,0.1045853,0.5096841,-0.00300239,0.853976
1714909083982,1.120778,1.646339,0.747207,0.104236,0.5097232,-0.003898752,0.8539917
1714909083996,1.119891,1.64581,0.7477082,0.1034115,0.5095993,-0.003671738,0.854167
1714909084011,1.118767,1.645204,0.7480921,0.1030128,0.5097155,-0.003864317,0.854145
1714909084024,1.11753,1.644754,0.7485836,0.1032397,0.5098865,-0.004930436,0.8540099
1714909084038,1.116217,1.644598,0.7492187,0.1043897,0.510305,-0.006511387,0.8536096
1714909084052,1.114986,1.644585,0.7500467,0.1053724,0.5105738,-0.008006518,0.8533153
1714909084067,1.113779,1.644767,0.7510922,0.1062149,0.5104061,-0.00892762,0.853302
1714909084081,1.112706,1.644413,0.7522962,0.1066915,0.5095386,-0.008039103,0.8537697
1714909084094,1.111555,1.644287,0.7535498,0.1072036,0.5080872,-0.007513716,0.8545749
1714909084109,1.110482,1.644168,0.7548754,0.1074293,0.5063393,-0.006862707,0.8555889
1714909084122,1.109526,1.644069,0.7563245,0.107542,0.5046648,-0.006185493,0.8565687
1714909084136,1.108623,1.643977,0.7580366,0.1082719,0.502745,-0.005232972,0.8576114
1714909084150,1.107816,1.643657,0.7597922,0.1095392,0.5000917,-0.00336004,0.85901
1714909084164,1.106999,1.643294,0.7616628,0.111032,0.497053,-0.002295176,0.8605841
1714909084178,1.106303,1.642704,0.7634181,0.1124983,0.4936696,-0.001895885,0.8623403
1714909084192,1.105746,1.64201,0.7651649,0.1139999,0.4909491,-0.002089882,0.8636948
1714909084206,1.105286,1.641333,0.766775,0.1159484,0.488434,-0.002760507,0.8648587
1714909084220,1.104902,1.640463,0.7684234,0.118579,0.4858015,-0.003567486,0.865981
1714909084234,1.104488,1.639613,0.7701741,0.1216109,0.4826027,-0.004167547,0.8673454
1714909084247,1.104124,1.638805,0.7721001,0.1240828,0.4794061,-0.004945959,0.8687628
1714909084261,1.103845,1.638131,0.7739438,0.1259259,0.4763284,-0.005208729,0.8701878
1714909084275,1.103631,1.637581,0.7758097,0.1275426,0.4734274,-0.00526836,0.8715341
1714909084290,1.103447,1.63717,0.7777344,0.129841,0.4705675,-0.004302413,0.872748
1714909084304,1.103402,1.636607,0.7796827,0.1321556,0.4673138,-0.0024694,0.8741548
1714909084316,1.103329,1.636033,0.7815606,0.134056,0.4640739,-0.001031594,0.8755932
1714909084331,1.103338,1.635534,0.7831239,0.1356467,0.4611905,-0.0007301116,0.876871
1714909084345,1.103447,1.635048,0.7845346,0.1367736,0.4590222,-0.000303144,0.8778334
1714909084358,1.103518,1.634648,0.7860296,0.1381558,0.4570511,0.0005890816,0.8786449
1714909084372,1.103634,1.634275,0.7874199,0.1395078,0.4547375,0.001719989,0.8796297
1714909084386,1.103653,1.633887,0.7888811,0.1407855,0.4524451,0.002648422,0.8806054
1714909084401,1.103743,1.633346,0.7903019,0.1424164,0.4502062,0.003758905,0.8814861
1714909084414,1.103841,1.632777,0.7916493,0.1439771,0.4479429,0.00472295,0.8823805
1714909084428,1.104012,1.63228,0.792945,0.1456955,0.445641,0.005327189,0.8832602
1714909084443,1.10432,1.631849,0.7942504,0.1472193,0.4435855,0.005658401,0.8840398
1714909084456,1.104668,1.631331,0.7954633,0.1484345,0.4416194,0.006574865,0.8848143
1714909084470,1.105018,1.630639,0.7966351,0.149521,0.4397099,0.007643469,0.8855734
1714909084484,1.105261,1.629833,0.7977596,0.1508573,0.4379231,0.008536937,0.8862237
1714909084498,1.105386,1.628876,0.7988449,0.1526928,0.4362062,0.009168482,0.8867497
1714909084512,1.105334,1.627766,0.7998202,0.1550971,0.4343418,0.009751399,0.8872412
1714909084526,1.105149,1.626596,0.8009371,0.1575623,0.4325185,0.01050961,0.8876888
1714909084540,1.104635,1.625392,0.8019397,0.1599152,0.4304081,0.01133513,0.8882836
1714909084553,1.103908,1.624146,0.8032055,0.1629884,0.4276708,0.01281957,0.8890265
1714909084568,1.102999,1.622986,0.8045419,0.1659187,0.4239284,0.01480585,0.8902452
1714909084582,1.101911,1.621595,0.8062452,0.1687305,0.4195493,0.01707442,0.8917494
1714909084595,1.100382,1.620178,0.8082509,0.1721814,0.4146282,0.01804329,0.8933708
1714909084609,1.098966,1.619264,0.8104708,0.1753388,0.4091444,0.01830097,0.8952777
1714909084623,1.097126,1.618308,0.8127564,0.1798449,0.4033734,0.01787678,0.8970096
1714909084636,1.095251,1.61718,0.8149437,0.1841976,0.3973238,0.01670831,0.898847
1714909084651,1.093125,1.616169,0.8173603,0.1881958,0.3917741,0.01548904,0.9004751
1714909084665,1.090827,1.615451,0.819728,0.1923174,0.3859321,0.01499844,0.9021338
1714909084678,1.088258,1.61463,0.8224636,0.1961135,0.3798689,0.01464695,0.9038941
1714909084693,1.085324,1.613745,0.8254479,0.1997439,0.3723705,0.01433012,0.9062214
1714909084707,1.082048,1.612747,0.8286897,0.2028913,0.3642453,0.01378872,0.9088292
1714909084721,1.078612,1.611696,0.8320922,0.2044372,0.3562903,0.01115198,0.9116679
1714909084735,1.075008,1.61066,0.8353625,0.20491,0.3485505,0.008515251,0.9145775
1714909084748,1.071281,1.609933,0.8387942,0.2059703,0.3407842,0.006387606,0.9172794
1714909084763,1.067299,1.609248,0.8427157,0.2062436,0.3321103,0.006576069,0.9203929
1714909084776,1.062764,1.609216,0.8470275,0.2060256,0.3216761,0.007938221,0.9241293
1714909084791,1.057942,1.608617,0.8514185,0.2044807,0.3102176,0.008882546,0.9283715
1714909084804,1.053003,1.608641,0.8559462,0.2024787,0.2997489,0.007355416,0.9322547
1714909084818,1.047955,1.60905,0.8603043,0.1982767,0.2895012,0.005885872,0.9363977
1714909084832,1.042951,1.609765,0.8647302,0.1942222,0.2787263,0.006528781,0.9405035
1714909084846,1.037306,1.610604,0.8693714,0.1887167,0.2672797,0.009679408,0.9449095
1714909084859,1.031315,1.611768,0.8742504,0.1825884,0.254894,0.01113221,0.9495086
1714909084873,1.025088,1.613305,0.8792573,0.1757459,0.2436435,0.01006617,0.9537557
1714909084887,1.018954,1.614632,0.8840878,0.1663816,0.2329319,0.008101624,0.9581202
1714909084902,1.012746,1.616008,0.888924,0.1585173,0.2230037,0.006642664,0.9618199
1714909084915,1.006779,1.617571,0.893314,0.1510072,0.2129075,0.005680488,0.965316
1714909084929,1.000682,1.620575,0.8979455,0.1406116,0.2032958,0.004568204,0.9689574
1714909084943,0.9945427,1.623411,0.9028403,0.1223751,0.193767,0.003464971,0.973379
1714909084957,0.9883606,1.626547,0.9069722,0.1075036,0.1843525,0.001227881,0.9769624
1714909084970,0.9820313,1.629062,0.9109709,0.09241328,0.1762586,-0.001889363,0.9799945
1714909084984,0.975689,1.631738,0.915,0.07934602,0.1684796,-0.004447193,0.9824964
1714909084998,0.9692935,1.634507,0.9190426,0.06662645,0.1617916,-0.006498359,0.9845518
1714909085012,0.9628077,1.637001,0.9231572,0.05426666,0.1556436,-0.008288932,0.9862867
1714909085026,0.9563765,1.638853,0.9270708,0.04225381,0.1495294,-0.01066099,0.9877965
1714909085040,0.9499192,1.640631,0.931209,0.03349121,0.1442869,-0.0141985,0.9888671
1714909085054,0.9435262,1.6425,0.9352878,0.02903701,0.1398994,-0.01686342,0.9895962
1714909085069,0.9368696,1.643554,0.9395891,0.02380133,0.1357749,-0.01902808,0.990271
1714909085083,0.9299153,1.643943,0.9439612,0.01873419,0.1317188,-0.02221077,0.9908612
1714909085096,0.9227296,1.644189,0.9486077,0.01769629,0.1289599,-0.02793106,0.9910984
1714909085111,0.9157215,1.644741,0.9532814,0.0168309,0.1267413,-0.0342066,0.991203
1714909085124,0.9091543,1.645111,0.9583154,0.01398315,0.1257212,-0.03924952,0.9911903
1714909085138,0.9026514,1.646535,0.9631847,0.01165703,0.1254331,-0.04274195,0.9911124
1714909085152,0.8963889,1.64732,0.9677771,0.005053247,0.1255402,-0.04466097,0.9910699
1714909085166,0.890131,1.647695,0.9720358,-0.001507086,0.1268245,-0.04689968,0.9908147
1714909085180,0.884181,1.648821,0.9758664,-0.005941269,0.1292931,-0.04915861,0.9903694
1714909085194,0.8784273,1.650703,0.9795285,-0.0113952,0.130505,-0.04984555,0.9901283
1714909085208,0.872713,1.65242,0.983291,-0.01932357,0.1309764,-0.04866812,0.9900016
1714909085222,0.8670251,1.653871,0.9865304,-0.02605782,0.1307183,-0.04740458,0.9899427
1714909085236,0.8613979,1.65443,0.9896716,-0.03057,0.1305136,-0.04554768,0.9899278
1714909085250,0.8558912,1.655032,0.9927172,-0.03123553,0.1295661,-0.04400326,0.9901013
1714909085264,0.8503301,1.656116,0.9960465,-0.03182006,0.1280359,-0.04394915,0.9902842
1714909085277,0.8449116,1.65671,0.9994455,-0.03455072,0.1259688,-0.04395495,0.9904575
1714909085292,0.8395711,1.65715,1.002408,-0.03417895,0.1230375,-0.04433762,0.9908218
1714909085306,0.8342568,1.656684,1.005626,-0.03296806,0.1200499,-0.04435559,0.9912284
1714909085319,0.829057,1.656095,1.008832,-0.02854415,0.1164376,-0.04470263,0.9917808
1714909085333,0.8241085,1.655744,1.01222,-0.02269481,0.112556,-0.04437796,0.9923944
1714909085346,0.8194407,1.655703,1.015805,-0.01895995,0.1082713,-0.04376981,0.9929764
1714909085361,0.814954,1.656396,1.019515,-0.01645596,0.1042991,-0.04240559,0.9935052
1714909085375,0.8109035,1.656612,1.023197,-0.01878309,0.1000893,-0.04104671,0.9939541
1714909085389,0.8068852,1.656274,1.026526,-0.01963942,0.09726121,-0.04066231,0.994234
1714909085403,0.8031187,1.655643,1.029805,-0.0179707,0.09498139,-0.0419057,0.9944343
1714909085416,0.7994227,1.654947,1.033327,-0.01645925,0.09302068,-0.04343965,0.99458
1714909085430,0.7958468,1.654563,1.036851,-0.01484959,0.09081424,-0.04406613,0.9947816
1714909085445,0.7927487,1.65418,1.040411,-0.0140234,0.08774146,-0.04238744,0.9951423
1714909085458,0.7898183,1.653747,1.04386,-0.01258948,0.08438764,-0.03980439,0.9955581
1714909085472,0.7870655,1.65318,1.047488,-0.0106587,0.08104505,-0.03856368,0.9959071
1714909085486,0.7846228,1.652833,1.051056,-0.008323361,0.07834125,-0.03703818,0.9962036
1714909085500,0.7823963,1.652119,1.054876,-0.007482452,0.0760655,-0.03576726,0.9964331
1714909085514,0.7802814,1.651789,1.058675,-0.007545759,0.07406086,-0.03414916,0.9966403
1714909085528,0.7784771,1.651163,1.062658,-0.009060731,0.07165465,-0.03275357,0.9968505
1714909085543,0.7767405,1.650436,1.066417,-0.009008845,0.06962704,-0.0321787,0.9970133
1714909085556,0.7751034,1.649366,1.070275,-0.007923304,0.06734834,-0.03102813,0.9972155
1714909085570,0.7733368,1.648827,1.074031,-0.005234811,0.06427712,-0.02963586,0.9974782
1714909085584,0.7715024,1.648587,1.077992,-0.003721891,0.06008912,-0.02826514,0.9977859
1714909085598,0.7698596,1.648402,1.082231,-0.003334238,0.05532332,-0.02700884,0.9980975
1714909085612,0.7684904,1.64795,1.086572,-0.004033468,0.05067405,-0.02586534,0.9983722
1714909085626,0.7673191,1.647296,1.090866,-0.004092908,0.04646312,-0.02461103,0.9986084
1714909085640,0.7661705,1.646525,1.095261,-0.003994748,0.04277738,-0.02328133,0.9988053
1714909085653,0.7649761,1.645829,1.099819,-0.003549981,0.03873255,-0.02197561,0.9990016
1714909085668,0.763876,1.645303,1.104508,-0.002788239,0.034203,-0.02129666,0.9991841
1714909085682,0.7629938,1.644717,1.109398,-0.001696131,0.03015968,-0.02142031,0.9993141
1714909085695,0.7623537,1.644027,1.11438,-0.0002707447,0.02671356,-0.02195295,0.999402
1714909085709,0.7619317,1.643414,1.119842,0.001351395,0.0237635,-0.02257629,0.9994618
1714909085723,0.7615902,1.642772,1.125467,0.002728573,0.02098289,-0.02271054,0.9995182
1714909085737,0.7613238,1.642073,1.131635,0.002957594,0.01823837,-0.02197632,0.9995878
1714909085751,0.7610262,1.641217,1.13795,0.002538234,0.01511732,-0.02128263,0.999656
1714909085765,0.7608994,1.640099,1.144442,0.002863178,0.01168103,-0.02046443,0.9997182
1714909085778,0.760963,1.638357,1.151323,0.003117156,0.00866936,-0.01917149,0.9997738
1714909085793,0.7611572,1.636539,1.158375,0.004431727,0.005851893,-0.01821786,0.9998071
1714909085807,0.7612845,1.634459,1.165809,0.006483427,0.003449693,-0.0173849,0.9998219
1714909085820,0.7616011,1.632598,1.173596,0.008381718,0.000577895,-0.01539616,0.9998462
1714909085834,0.7620573,1.630835,1.181925,0.008076965,-0.002604895,-0.01271938,0.9998831
1714909085849,0.7629917,1.629183,1.190436,0.007413335,-0.005425424,-0.01009609,0.9999068
1714909085862,0.763973,1.62653,1.199224,0.006104575,-0.006856229,-0.009198796,0.9999156
1714909085876,0.7647428,1.62359,1.208048,0.007489338,-0.007474996,-0.01040322,0.9998899
1714909085890,0.7654981,1.621071,1.216759,0.01203462,-0.008109706,-0.01320816,0.9998075
1714909085905,0.7662618,1.617821,1.226091,0.01315101,-0.007606263,-0.01603583,0.999756
1714909085918,0.7673309,1.614961,1.235234,0.0146998,-0.006346344,-0.01831332,0.9997042
1714909085932,0.768144,1.611574,1.244594,0.01490596,-0.004748082,-0.01748628,0.9997247
1714909085946,0.7688083,1.607686,1.254174,0.0163246,-0.005422796,-0.0140269,0.9997537
1714909085960,0.7692363,1.604219,1.263716,0.01963619,-0.008404475,-0.01076032,0.999714
1714909085974,0.7696885,1.600839,1.273346,0.02347355,-0.0112871,-0.01041876,0.9996064
1714909085988,0.7706238,1.600928,1.284384,0.03409385,-0.01202587,-0.01252591,0.9992678
1714909086002,0.7718097,1.601421,1.295621,0.03647501,-0.01148673,-0.01254573,0.9991898
1714909086015,0.7724847,1.598554,1.305823,0.02548061,-0.01106094,-0.008363118,0.9995791
1714909086029,0.772584,1.592631,1.314786,0.01948947,-0.01243009,-0.004118737,0.9997243
1714909086044,0.7726705,1.588099,1.32307,0.02669688,-0.01476517,-0.004093487,0.9995261
1714909086057,0.7728772,1.585232,1.332038,0.03897585,-0.01546466,-0.008712353,0.9990825
1714909086071,0.773152,1.583581,1.341444,0.04605098,-0.01443639,-0.01194475,0.9987634
1714909086086,0.7733011,1.581707,1.35123,0.04659472,-0.01442008,-0.01145874,0.9987441
1714909086098,0.772835,1.579147,1.359931,0.0470104,-0.01588185,-0.01048822,0.9987131
1714909086112,0.7724285,1.575576,1.36789,0.05224038,-0.01793273,-0.01022906,0.9984211
1714909086126,0.7721393,1.572055,1.375393,0.06161444,-0.01926525,-0.01103073,0.9978532
1714909086140,0.7718509,1.569041,1.382852,0.07156604,-0.01934142,-0.01136603,0.9971836
1714909086154,0.771446,1.566848,1.389976,0.08227687,-0.01907366,-0.01042083,0.9963725
1714909086168,0.7707441,1.565093,1.396872,0.09095678,-0.01876267,-0.01010989,0.9956267
1714909086182,0.770259,1.563555,1.403571,0.09792183,-0.01781276,-0.01049011,0.9949794
1714909086196,0.7698927,1.56206,1.410075,0.1027724,-0.01606788,-0.01034028,0.9945214
1714909086210,0.7692837,1.560829,1.416018,0.1048986,-0.01424706,-0.008447877,0.9943449
1714909086224,0.7681109,1.559822,1.422403,0.1064721,-0.01377506,-0.005486946,0.9942051
1714909086238,0.7667816,1.559263,1.42766,0.107637,-0.01676921,-0.003079028,0.9940441
1714909086252,0.7655259,1.558356,1.432774,0.1101344,-0.01841743,-0.003783532,0.9937388
1714909086266,0.7645588,1.557512,1.437783,0.1139764,-0.01833392,-0.006310783,0.9932942
1714909086280,0.763823,1.556177,1.442538,0.1169193,-0.01786399,-0.006054127,0.9929623
1714909086293,0.7627746,1.555498,1.447064,0.1198069,-0.01820314,-0.005570943,0.9926147
1714909086307,0.7613798,1.554935,1.45161,0.119943,-0.01920421,-0.005630114,0.992579
1714909086321,0.7600375,1.554386,1.455918,0.1192469,-0.02029421,-0.006007625,0.9926391
1714909086335,0.7588717,1.553785,1.459938,0.1186954,-0.02082538,-0.007538141,0.9926837
1714909086350,0.7578228,1.553298,1.463635,0.1178197,-0.02092783,-0.009144054,0.9927723
1714909086363,0.7569039,1.552736,1.467033,0.1160832,-0.02125893,-0.009436003,0.9929671
1714909086376,0.7558788,1.553135,1.470581,0.1148658,-0.02187661,-0.01088975,0.9930804
1714909086392,0.7548244,1.553849,1.474329,0.1108004,-0.02210717,-0.01454146,0.9934904
1714909086405,0.7539234,1.554226,1.478009,0.1056788,-0.0213624,-0.01911891,0.993987
1714909086419,0.753289,1.554636,1.481058,0.1012469,-0.01959136,-0.0234388,0.9943922
1714909086433,0.7525461,1.554495,1.483897,0.09648574,-0.01829392,-0.02670611,0.9948078
1714909086446,0.7517349,1.554525,1.486459,0.09362429,-0.01726906,-0.0298638,0.9950098
1714909086461,0.7507509,1.554685,1.489053,0.09106765,-0.01619365,-0.03379247,0.9951395
1714909086475,0.7498719,1.554917,1.491599,0.08909476,-0.01529373,-0.03660494,0.9952329
1714909086488,0.7489891,1.555435,1.494016,0.08793643,-0.01479065,-0.03843376,0.9952745
1714909086502,0.7480857,1.555661,1.496338,0.08560017,-0.01433922,-0.03982436,0.9954301
1714909086516,0.7472726,1.555967,1.498619,0.0839486,-0.01426945,-0.04088315,0.9955288
1714909086530,0.7464718,1.555771,1.500836,0.08154494,-0.01410163,-0.04126454,0.9957153
1714909086545,0.7457582,1.555679,1.502781,0.08064504,-0.01408519,-0.0411921,0.9957917
1714909086558,0.7449381,1.555039,1.504786,0.0797213,-0.01364164,-0.04122775,0.9958708
1714909086571,0.744199,1.554662,1.506545,0.07984486,-0.01329221,-0.041645,0.9958483
1714909086586,0.7435217,1.554451,1.508507,0.08025771,-0.01280206,-0.04221466,0.9957976
1714909086600,0.7428634,1.554038,1.510612,0.07974733,-0.01181835,-0.04244639,0.9958408
1714909086614,0.7421497,1.553507,1.512597,0.07941084,-0.01093226,-0.04272774,0.9958658
1714909086628,0.7413428,1.552477,1.514418,0.07903853,-0.01016882,-0.04300297,0.9958917
1714909086642,0.7405493,1.551739,1.516115,0.0802865,-0.009950782,-0.04296378,0.9957957
1714909086655,0.7397332,1.55098,1.517825,0.08087877,-0.01031633,-0.04309797,0.9957383
1714909086669,0.7389835,1.550416,1.519587,0.08090583,-0.01012996,-0.0437663,0.9957089
1714909086684,0.7381791,1.54953,1.521464,0.0800785,-0.009410149,-0.04475925,0.9957387
1714909086696,0.737257,1.548723,1.523138,0.0803562,-0.008734615,-0.04518827,0.9957031
1714909086711,0.7362242,1.547869,1.524782,0.08108372,-0.008730516,-0.04491115,0.9956567
1714909086725,0.7350793,1.547024,1.526295,0.08180986,-0.009206953,-0.04459072,0.9956074
1714909086739,0.7338614,1.546225,1.527749,0.08280909,-0.009589339,-0.04468462,0.995517
1714909086753,0.7328554,1.54551,1.529123,0.08380314,-0.009871512,-0.04456207,0.9954365
1714909086767,0.7319283,1.544731,1.530536,0.08467364,-0.009822723,-0.04421749,0.9953787
1714909086781,0.7309287,1.543882,1.531954,0.08539587,-0.009218611,-0.04404421,0.9953305
1714909086794,0.7299148,1.543151,1.533295,0.08658712,-0.008472234,-0.04439403,0.9952186
1714909086809,0.7288617,1.542485,1.534606,0.08815928,-0.007786637,-0.04412443,0.9950982
1714909086823,0.7278559,1.542018,1.535866,0.08970666,-0.007449905,-0.04324901,0.9950009
1714909086837,0.7268692,1.541735,1.537133,0.09078144,-0.007364018,-0.04219261,0.9949494
1714909086850,0.7259887,1.541258,1.538395,0.0913903,-0.007304056,-0.04113305,0.9949385
1714909086865,0.7251113,1.540771,1.539598,0.09231161,-0.007174727,-0.04005916,0.9948981
1714909086878,0.724179,1.540234,1.540664,0.09341417,-0.006711342,-0.03895263,0.9948425
1714909086892,0.7233312,1.539759,1.541638,0.0946076,-0.006457507,-0.03835943,0.9947544
1714909086906,0.7224514,1.539553,1.542686,0.09564708,-0.005672045,-0.03849498,0.9946545
1714909086948,0.7216911,1.539222,1.543865,0.09519889,-0.003990742,-0.03904487,0.9946843
1714909086962,0.7194245,1.538265,1.547041,0.09695026,-0.001300929,-0.03821124,0.9945547
1714909086975,0.7187142,1.538012,1.548056,0.09677897,-0.0001160843,-0.03755394,0.9945972
1714909086988,0.7181354,1.537694,1.549049,0.09670138,0.001142656,-0.03681266,0.9946318
1714909087003,0.7174914,1.537077,1.549955,0.09711888,0.00250154,-0.03568078,0.9946299
1714909087016,0.7167273,1.536584,1.55089,0.0981978,0.003757377,-0.03513368,0.9945395
1714909087031,0.7160984,1.536016,1.551833,0.09917659,0.004976241,-0.03438389,0.9944632