Timestamp,LeftRoll,LeftFootHeight,RightRoll,RightFootHeight
1715770858114,0,0,0,0
1715770858226,0,0,0,0
1715770858302,0,0,0,0
1715770858314,0,0,0,0
1715770858318,0,0,0,0
1715770858322,0,0,0,0
1715770858324,0,0,0,0
1715770858330,0,0,0,0
1715770858343,0,0,0,0
1715770858354,0,0,0,0
1715770858357,0,0,0,0
1715770858362,0,0,0,0
1715770858366,0,0,0,0
1715770858370,0,0,0,0
1715770858374,0,0,0,0
1715770858378,0,0,0,0
1715770858382,0,0,0,0
1715770858385,0,0,0,0
1715770858390,0,0,0,0
1715770858393,0,0,0,0
1715770858397,0,0,0,0
1715770858402,0,0,0,0
1715770858405,0,0,0,0
1715770858409,0,0,0,0
1715770858412,0,0,0,0
1715770858416,0,0,0,0
1715770858420,0,0,0,0
1715770858423,0,0,0,0
1715770858427,0,0,0,0
1715770858433,0,0,0,0
1715770858437,0,0,0,0
1715770858441,0,0,0,0
1715770858444,0,0,0,0
1715770858449,0,0,0,0
1715770858452,0,0,0,0
1715770858457,0,0,0,0
1715770858461,0,0,0,0
1715770858464,0,0,0,0
1715770858469,0,0,0,0
1715770858473,0,0,0,0
1715770858478,0,0,0,0
1715770858482,0,0,0,0
1715770858486,0,0,0,0
1715770858489,0,0,0,0
1715770858492,0,0,0,0
1715770858498,0,0,0,0
1715770858501,0,0,0,0
1715770858506,0,0,0,0
1715770858510,0,0,0,0
1715770858514,0,0,0,0
1715770858518,0,0,0,0
1715770858521,0,0,0,0
1715770858525,0,0,0,0
1715770858529,0,0,0,0
1715770858534,0,0,0,0
1715770858538,0,0,0,0
1715770858541,0,0,0,0
1715770858545,0,0,0,0
1715770858549,0,0,0,0
1715770858553,0,0,0,0
1715770858557,0,0,0,0
1715770858560,0,0,0,0
1715770858564,0,0,0,0
1715770858569,0,0,0,0
1715770858574,0,0,0,0
1715770858578,0,0,0,0
1715770858581,0,0,0,0
1715770858586,0,0,0,0
1715770858591,0,0,0,0
1715770858595,0,0,0,0
1715770858600,0,0,0,0
1715770858605,0,0,0,0
1715770858610,0,0,0,0
1715770858614,0,0,0,0
1715770858618,0,0,0,0
1715770858621,0,0,0,0
1715770858624,0,0,0,0
1715770858629,0,0,0,0
1715770858634,0,0,0,0
1715770858639,0,0,0,0
1715770858642,0,0,0,0
1715770858646,0,0,0,0
1715770858651,0,0,0,0
1715770858654,0,0,0,0
1715770858659,0,0,0,0
1715770858662,0,0,0,0
1715770858666,0,0,0,0
1715770858670,0,0,0,0
1715770858675,0,0,0,0
1715770858679,0,0,0,0
1715770858682,0,0,0,0
1715770858687,0,0,0,0
1715770858690,0,0,0,0
1715770858695,0,0,0,0
1715770858699,0,0,0,0
1715770858704,0,0,0,0
1715770858708,0,0,0,0
1715770858712,0,0,0,0
1715770858716,0,0,0,0
1715770858721,0,0,0,0
1715770858724,0,0,0,0
1715770858729,0,0,0,0
1715770858733,0,0,0,0
1715770858736,0,0,0,0
1715770858740,0,0,0,0
1715770858743,0,0,0,0
1715770858747,0,0,0,0
1715770858751,0,0,0,0
1715770858754,0,0,0,0
1715770858757,0,0,0,0
1715770858761,0,0,0,0
1715770858764,0,0,0,0
1715770858770,0,0,0,0
1715770858774,0,0,0,0
1715770858778,0,0,0,0
1715770858781,0,0,0,0
1715770858784,0,0,0,0
1715770858789,0,0,0,0
1715770858793,0,0,0,0
1715770858797,0,0,0,0
1715770858801,0,0,0,0
1715770858806,0,0,0,0
1715770858810,0,0,0,0
1715770858814,0,0,0,0
1715770858818,0,0,0,0
1715770858822,0,0,0,0
1715770858825,0,0,0,0
1715770858830,0,0,0,0
1715770858836,0,0,0,0
1715770858839,0,0,0,0
1715770858843,0,0,0,0
1715770858847,0,0,0,0
1715770858850,0,0,0,0
1715770858853,0,0,0,0
1715770858858,0,0,0,0
1715770858861,0,0,0,0
1715770858864,0,0,0,0
1715770858870,0,0,0,0
1715770858874,0,0,0,0
1715770858877,0,0,0,0
1715770858880,0,0,0,0
1715770858883,0,0,0,0
1715770858888,0,0,0,0
1715770858891,0,0,0,0
1715770858895,0,0,0,0
1715770858899,0,0,0,0
1715770858903,0,0,0,0
1715770858906,0,0,0,0
1715770858911,0,0,0,0
1715770858914,0,0,0,0
1715770858917,0,0,0,0
1715770858919,0,0,0,0
1715770858923,0,0,0,0
1715770858926,0,0,0,0
1715770858930,0,0,0,0
1715770858934,0,0,0,0
1715770858938,0,0,0,0
1715770858941,0,0,0,0
1715770858945,0,0,0,0
1715770858949,0,0,0,0
1715770858953,0,0,0,0
1715770858957,0,0,0,0
1715770858961,0,0,0,0
1715770858965,0,0,0,0
1715770858968,0,0,0,0
1715770858973,0,0,0,0
1715770858977,0,0,0,0
1715770858980,0,0,0,0
1715770858984,0,0,0,0
1715770858988,0,0,0,0
1715770858992,0,0,0,0
1715770858996,0,0,0,0
1715770858999,0,0,0,0
1715770859003,0,0,0,0
1715770859008,0,0,0,0
1715770859012,0,0,0,0
1715770859016,0,0,0,0
1715770859019,0,0,0,0
1715770859022,0,0,0,0
1715770859026,0,0,0,0
1715770859031,0,0,0,0
1715770859036,0,0,0,0
1715770859040,0,0,0,0
1715770859043,0,0,0,0
1715770859046,0,0,0,0
1715770859049,0,0,0,0
1715770859052,0,0,0,0
1715770859057,0,0,0,0
1715770859061,0,0,0,0
1715770859065,0,0,0,0
1715770859070,0,0,0,0
1715770859074,0,0,0,0
1715770859078,0,0,0,0
1715770859082,0,0,0,0
1715770859084,0,0,0,0
1715770859090,0,0,0,0
1715770859092,0,0,0,0
1715770859096,0,0,0,0
1715770859101,0,0,0,0
1715770859104,0,0,0,0
1715770859109,0,0,0,0
1715770859112,0,0,0,0
1715770859116,0,0,0,0
1715770859120,0,0,0,0
1715770859124,0,0,0,0
1715770859127,0,0,0,0
1715770859131,0,0,0,0
1715770859135,0,0,0,0
1715770859139,0,0,0,0
1715770859143,0,0,0,0
1715770859148,0,0,0,0
1715770859151,0,0,0,0
1715770859155,0,0,0,0
1715770859158,0,0,0,0
1715770859162,0,0,0,0
1715770859166,0,0,0,0
1715770859170,0,0,0,0
1715770859174,0,0,0,0
1715770859179,0,0,0,0
1715770859181,0,0,0,0
1715770859184,0,0,0,0
1715770859189,0,0,0,0
1715770859192,0,0,0,0
1715770859195,0,0,0,0
1715770859199,0,0,0,0
1715770859203,0,0,0,0
1715770859206,0,0,0,0
1715770859209,0,0,0,0
1715770859213,0,0,0,0
1715770859218,0,0,0,0
1715770859221,0,0,0,0
1715770859224,0,0,0,0
1715770859231,0,0,0,0
1715770859234,0,0,0,0
1715770859241,0,0,0,0
1715770859244,0,0,0,0
1715770859248,0,0,0,0
1715770859251,0,0,0,0
1715770859255,0,0,0,0
1715770859259,0,0,0,0
1715770859262,0,0,0,0
1715770859265,0,0,0,0
1715770859270,0,0,0,0
1715770859274,0,0,0,0
1715770859278,0,0,0,0
1715770859281,0,0,0,0
1715770859284,0,0,0,0
1715770859289,0,0,0,0
1715770859293,0,0,0,0
1715770859296,0,0,0,0
1715770859301,0,0,0,0
1715770859304,0,0,0,0
1715770859308,0,0,0,0
1715770859312,0,0,0,0
1715770859315,0,0,0,0
1715770859319,0,0,0,0
1715770859323,0,0,0,0
1715770859326,0,0,0,0
1715770859331,0,0,0,0
1715770859334,0,0,0,0
1715770859339,0,0,0,0
1715770859343,0,0,0,0
1715770859346,0,0,0,0
1715770859349,0,0,0,0
1715770859354,0,0,0,0
1715770859357,0,0,0,0
1715770859361,0,0,0,0
1715770859366,0,0,0,0
1715770859369,0,0,0,0
1715770859374,0,0,0,0
1715770859378,0,0,0,0
1715770859382,0,0,0,0
1715770859385,0,0,0,0
1715770859389,0,0,0,0
1715770859392,0,0,0,0
1715770859396,0,0,0,0
1715770859400,0,0,0,0
1715770859403,0,0,0,0
1715770859409,0,0,0,0
1715770859412,0,0,0,0
1715770859416,0,0,0,0
1715770859419,0,0,0,0
1715770859423,0,0,0,0
1715770859426,0,0,0,0
1715770859430,0,0,0,0
1715770859435,0,0,0,0
1715770859438,0,0,0,0
1715770859446,0,0,0,0
1715770859450,0,0,0,0
1715770859453,0,0,0,0
1715770859456,0,0,0,0
1715770859461,0,0,0,0
1715770859465,0,0,0,0
1715770859469,0,0,0,0
1715770859474,0,0,0,0
1715770859478,0,0,0,0
1715770859481,0,0,0,0
1715770859484,0,0,0,0
1715770859489,0,0,0,0
1715770859492,0,0,0,0
1715770859496,0,0,0,0
1715770859500,0,0,0,0
1715770859505,0,0,0,0
1715770859519,0,0,0,0
1715770859527,0,0,0,0
1715770859532,0,0,0,0
1715770859536,0,0,0,0
1715770859540,0,0,0,0
1715770859543,0,0,0,0
1715770859548,0,0,0,0
1715770859552,0,0,0,0
1715770859556,0,0,0,0
1715770859560,0,0,0,0
1715770859564,0,0,0,0
1715770859569,0,0,0,0
1715770859573,0,0,0,0
1715770859577,0,0,0,0
1715770859581,0,0,0,0
1715770859585,0,0,0,0
1715770859591,0,0,0,0
1715770859595,0,0,0,0
1715770859599,0,0,0,0
1715770859605,0,0,0,0
1715770859609,0,0,0,0
1715770859614,0,0,0,0
1715770859617,0,0,0,0
1715770859622,0,0,0,0
1715770859626,0,0,0,0
1715770859631,0,0,0,0
1715770859634,0,0,0,0
1715770859640,0,0,0,0
1715770859646,0,0,0,0
1715770859651,0,0,0,0
1715770859655,0,0,0,0
1715770859658,0,0,0,0
1715770859663,0,0,0,0
1715770859668,0,0,0,0
1715770859673,0,0,0,0
1715770859681,0,0,0,0
1715770859685,0,0,0,0
1715770859689,0,0,0,0
1715770859693,0,0,0,0
1715770859697,0,0,0,0
1715770859701,0,0,0,0
1715770859705,0,0,0,0
1715770859709,0,0,0,0
1715770859714,0,0,0,0
1715770859718,0,0,0,0
1715770859724,0,0,0,0
1715770859728,0,0,0,0
1715770859733,0,0,0,0
1715770859737,0,0,0,0
1715770859741,0,0,0,0
1715770859745,0,0,0,0
1715770859750,0,0,0,0
1715770859755,0,0,0,0
1715770859759,0,0,0,0
1715770859763,0,0,0,0
1715770859768,0,0,0,0
1715770859772,0,0,0,0
1715770859777,0,0,0,0
1715770859781,0,0,0,0
1715770859785,0,0,0,0
1715770859789,0,0,0,0
1715770859793,0,0,0,0
1715770859796,0,0,0,0
1715770859800,0,0,0,0
1715770859805,0,0,0,0
1715770859809,0,0,0,0
1715770859814,0,0,0,0
1715770859817,0,0,0,0
1715770859821,0,0,0,0
1715770859826,0,0,0,0
1715770859829,0,0,0,0
1715770859833,0,0,0,0
1715770859837,0,0,0,0
1715770859841,0,0,0,0
1715770859847,0,0,0,0
1715770859851,0,0,0,0
1715770859854,0,0,0,0
1715770859858,0,0,0,0
1715770859861,0,0,0,0
1715770859867,0,0,0,0
1715770859872,0,0,0,0
1715770859876,0,0,0,0
1715770859880,0,0,0,0
1715770859883,0,0,0,0
1715770859888,0,0,0,0
1715770859892,0,0,0,0
1715770859897,0,0,0,0
1715770859901,0,0,0,0
1715770859905,0,0,0,0
1715770859909,0,0,0,0
1715770859913,0,0,0,0
1715770859918,0,0,0,0
1715770859921,0,0,0,0
1715770859925,0,0,0,0
1715770859929,0,0,0,0
1715770859932,0,0,0,0
1715770859937,0,0,0,0
1715770859941,0,0,0,0
1715770859945,0,0,0,0
1715770859949,0,0,0,0
1715770859952,0,0,0,0
1715770859956,0,0,0,0
1715770859959,0,0,0,0
1715770859962,0,0,0,0
1715770859966,0,0,0,0
1715770859971,0,0,0,0
1715770859974,0,0,0,0
1715770859979,0,0,0,0
1715770859983,0,0,0,0
1715770859987,0,0,0,0
1715770859991,0,0,0,0
1715770859995,0,0,0,0
1715770860000,0,0,0,0
1715770860003,0,0,0,0
1715770860008,0,0,0,0
1715770860014,0,0,0,0
1715770860018,0,0,0,0
1715770860023,0,0,0,0
1715770860028,0,0,0,0
1715770860033,0,0,0,0
1715770860037,0,0,0,0
1715770860041,0,0,0,0
1715770860047,0,0,0,0
1715770860051,0,0,0,0
1715770860055,0,0,0,0
1715770860059,0,0,0,0
1715770860063,0,0,0,0
1715770860067,0,0,0,0
1715770860073,0,0,0,0
1715770860078,0,0,0,0
1715770860081,0,0,0,0
1715770860085,0,0,0,0
1715770860088,0,0,0,0
1715770860092,0,0,0,0
1715770860096,0,0,0,0
1715770860100,0,0,0,0
1715770860105,0,0,0,0
1715770860109,0,0,0,0
1715770860113,0,0,0,0
1715770860117,0,0,0,0
1715770860121,0,0,0,0
1715770860125,0,0,0,0
1715770860131,0,0,0,0
1715770860135,0,0,0,0
1715770860139,0,0,0,0
1715770860144,0,0,0,0
1715770860148,0,0,0,0
1715770860152,0,0,0,0
1715770860156,0,0,0,0
1715770860160,0,0,0,0
1715770860164,0,0,0,0
1715770860168,0,0,0,0
1715770860173,0,0,0,0
1715770860177,0,0,0,0
1715770860181,0,0,0,0
1715770860184,0,0,0,0
1715770860189,0,0,0,0
1715770860193,0,0,0,0
1715770860197,0,0,0,0
1715770860201,0,0,0,0
1715770860205,0,0,0,0
1715770860210,0,0,0,0
1715770860214,0,0,0,0
1715770860218,0,0,0,0
1715770860222,0,0,0,0
1715770860226,0,0,0,0
1715770860231,0,0,0,0
1715770860234,0,0,0,0
1715770860239,0,0,0,0
1715770860244,0,0,0,0
1715770860254,0,0,0,0
1715770860257,0,0,0,0
1715770860261,0,0,0,0
1715770860265,0,0,0,0
1715770860269,0,0,0,0
1715770860275,0,0,0,0
1715770860279,0,0,0,0
1715770860282,0,0,0,0
1715770860286,0,0,0,0
1715770860290,0,0,0,0
1715770860294,0,0,0,0
1715770860299,0,0,0,0
1715770860302,0,0,0,0
1715770860306,0,0,0,0
1715770860310,0,0,0,0
1715770860316,0,0,0,0
1715770860320,0,0,0,0
1715770860323,0,0,0,0
1715770860329,0,0,0,0
1715770860332,0,0,0,0
1715770860336,0,0,0,0
1715770860339,0,0,0,0
1715770860343,0,0,0,0
1715770860348,0,0,0,0
1715770860351,0,0,0,0
1715770860355,0,0,0,0
1715770860359,0,0,0,0
1715770860363,0,0,0,0
1715770860366,0,0,0,0
1715770860370,0,0,0,0
1715770860374,0,0,0,0
1715770860378,0,0,0,0
1715770860382,0,0,0,0
1715770860386,0,0,0,0
1715770860391,0,0,0,0
1715770860394,0,0,0,0
1715770860399,0,0,0,0
1715770860403,0,0,0,0
1715770860408,0,0,0,0
1715770860412,0,0,0,0
1715770860416,0,0,0,0
1715770860419,0,0,0,0
1715770860423,0,0,0,0
1715770860427,0,0,0,0
1715770860431,0,0,0,0
1715770860435,0,0,0,0
1715770860439,0,0,0,0
1715770860444,0,0,0,0
1715770860448,0,0,0,0
1715770860453,0,0,0,0
1715770860456,0,0,0,0
1715770860460,0,0,0,0
1715770860464,0,0,0,0
1715770860468,0,0,0,0
1715770860473,0,0,0,0
1715770860477,0,0,0,0
1715770860480,0,0,0,0
1715770860484,0,0,0,0
1715770860489,0,0,0,0
1715770860492,0,0,0,0
1715770860496,0,0,0,0
1715770860500,0,0,0,0
1715770860505,0,0,0,0
1715770860510,0,0,0,0
1715770860514,0,0,0,0
1715770860519,0,0,0,0
1715770860523,0,0,0,0
1715770860526,0,0,0,0
1715770860532,0,0,0,0
1715770860536,0,0,0,0
1715770860541,0,0,0,0
1715770860544,0,0,0,0
1715770860549,0,0,0,0
1715770860552,0,0,0,0
1715770860557,0,0,0,0
1715770860561,0,0,0,0
1715770860564,0,0,0,0
1715770860570,0,0,0,0
1715770860574,0,0,0,0
1715770860578,0,0,0,0
1715770860582,0,0,0,0
1715770860586,0,0,0,0
1715770860591,0,0,0,0
1715770860595,0,0,0,0
1715770860600,0,0,0,0
1715770860604,0,0,0,0
1715770860609,0,0,0,0
1715770860613,0,0,0,0
1715770860617,0,0,0,0
1715770860622,0,0,0,0
1715770860627,0,0,0,0
1715770860631,0,0,0,0
1715770860637,0,0,0,0
1715770860641,0,0,0,0
1715770860646,0,0,0,0
1715770860650,0,0,0,0
1715770860657,0,0,0,0
1715770860660,0,0,0,0
1715770860663,0,0,0,0
1715770860668,0,0,0,0
1715770860671,0,0,0,0
1715770860676,0,0,0,0
1715770860681,0,0,0,0
1715770860685,0,0,0,0
1715770860689,0,0,0,0
1715770860694,0,0,0,0
1715770860699,0,0,0,0
1715770860703,0,0,0,0
1715770860709,0,0,0,0
1715770860713,0,0,0,0
1715770860718,0,0,0,0
1715770860722,0,0,0,0
1715770860725,0,0,0,0
1715770860730,0,0,0,0
1715770860735,0,0,0,0
1715770860739,0,0,0,0
1715770860743,0,0,0,0
1715770860748,0,0,0,0
1715770860752,0,0,0,0
1715770860756,0,0,0,0
1715770860760,0,0,0,0
1715770860764,0,0,0,0
1715770860769,0,0,0,0
1715770860773,0,0,0,0
1715770860778,0,0,0,0
1715770860781,0,0,0,0
1715770860786,0,0,0,0
1715770860789,0,0,0,0
1715770860793,0,0,0,0
1715770860797,0,0,0,0
1715770860802,0,0,0,0
1715770860807,0,0,0,0
1715770860812,0,0,0,0
1715770860816,0,0,0,0
1715770860820,0,0,0,0
1715770860825,0,0,0,0
1715770860829,0,0,0,0
1715770860835,0,0,0,0
1715770860840,0,0,0,0
1715770860844,0,0,0,0
1715770860848,0,0,0,0
1715770860852,0,0,0,0
1715770860859,0,0,0,0
1715770860863,0,0,0,0
1715770860868,0,0,0,0
1715770860872,0,0,0,0
1715770860877,0,0,0,0
1715770860882,0,0,0,0
1715770860884,0,0,0,0
1715770860891,0,0,0,0
1715770860896,0,0,0,0
1715770860900,0,0,0,0
1715770860905,0,0,0,0
1715770860911,0,0,0,0
1715770860914,0,0,0,0
1715770860919,0,0,0,0
1715770860923,0,0,0,0
1715770860928,0,0,0,0
1715770860933,0,0,0,0
1715770860937,0,0,0,0
1715770860942,0,0,0,0
1715770860946,0,0,0,0
1715770860952,0,0,0,0
1715770860957,0,0,0,0
1715770860962,0,0,0,0
1715770860968,0,0,0,0
1715770860972,0,0,0,0
1715770860978,0,0,0,0
1715770860983,0,0,0,0
1715770860988,0,0,0,0
1715770860992,0,0,0,0
1715770860997,0,0,0,0
1715770861002,0,0,0,0
1715770861006,0,0,0,0
1715770861011,0,0,0,0
1715770861016,0,0,0,0
1715770861020,0,0,0,0
1715770861024,0,0,0,0
1715770861031,0,0,0,0
1715770861034,0,0,0,0
1715770861039,0,0,0,0
1715770861042,0,0,0,0
1715770861046,0,0,0,0
1715770861050,0,0,0,0
1715770861054,0,0,0,0
1715770861060,0,0,0,0
1715770861064,0,0,0,0
1715770861069,0,0,0,0
1715770861073,0,0,0,0
1715770861078,0,0,0,0
1715770861082,0,0,0,0
1715770861086,0,0,0,0
1715770861091,0,0,0,0
1715770861096,0,0,0,0
1715770861100,0,0,0,0
1715770861104,0,0,0,0
1715770861110,0,0,0,0
1715770861113,0,0,0,0
1715770861117,0,0,0,0
1715770861121,0,0,0,0
1715770861126,0,0,0,0
1715770861131,0,0,0,0
1715770861134,0,0,0,0
1715770861140,0,0,0,0
1715770861145,0,0,0,0
1715770861148,0,0,0,0
1715770861152,0,0,0,0
1715770861155,0,0,0,0
1715770861159,0,0,0,0
1715770861163,0,0,0,0
1715770861167,0,0,0,0
1715770861172,0,0,0,0
1715770861176,0,0,0,0
1715770861180,0,0,0,0
1715770861184,0,0,0,0
1715770861189,0,0,0,0
1715770861192,0,0,0,0
1715770861198,0,0,0,0
1715770861203,0,0,0,0
1715770861207,0,0,0,0
1715770861211,0,0,0,0
1715770861214,0,0,0,0
1715770861219,0,0,0,0
1715770861223,0,0,0,0
1715770861228,0,0,0,0
1715770861232,0,0,0,0
1715770861238,0,0,0,0
1715770861241,0,0,0,0
1715770861245,0,0,0,0
1715770861250,0,0,0,0
1715770861253,0,0,0,0
1715770861258,0,0,0,0
1715770861266,0,0,0,0
1715770861270,0,0,0,0
1715770861276,0,0,0,0
1715770861281,0,0,0,0
1715770861285,0,0,0,0
1715770861290,0,0,0,0
1715770861293,0,0,0,0
1715770861298,0,0,0,0
1715770861302,0,0,0,0
1715770861306,0,0,0,0
1715770861312,0,0,0,0
1715770861316,0,0,0,0
1715770861320,0,0,0,0
1715770861324,0,0,0,0
1715770861329,0,0,0,0
1715770861332,0,0,0,0
1715770861339,0,0,0,0
1715770861343,0,0,0,0
1715770861348,0,0,0,0
1715770861354,0,0,0,0
1715770861357,0,0,0,0
1715770861361,0,0,0,0
1715770861366,0,0,0,0
1715770861371,0,0,0,0
1715770861376,0,0,0,0
1715770861380,0,0,0,0
1715770861386,0,0,0,0
1715770861391,0,0,0,0
1715770861394,0,0,0,0
1715770861399,0,0,0,0
1715770861403,0,0,0,0
1715770861407,0,0,0,0
1715770861411,0,0,0,0
1715770861415,0,0,0,0
1715770861419,0,0,0,0
1715770861422,0,0,0,0
1715770861427,0,0,0,0
1715770861431,0,0,0,0
1715770861434,0,0,0,0
1715770861438,0,0,0,0
1715770861443,0,0,0,0
1715770861446,0,0,0,0
1715770861451,0,0,0,0
1715770861456,0,0,0,0
1715770861460,0,0,0,0
1715770861468,0,0,0,0
1715770861473,0,0,0,0
1715770861477,0,0,0,0
1715770861483,0,0,0,0
1715770861487,0,0,0,0
1715770861491,0,0,0,0
1715770861496,0,0,0,0
1715770861500,0,0,0,0
1715770861504,0,0,0,0
1715770861510,0,0,0,0
1715770861513,0,0,0,0
1715770861519,0,0,0,0
1715770861523,0,0,0,0
1715770861529,0,0,0,0
1715770861532,0,0,0,0
1715770861536,0,0,0,0
1715770861540,0,0,0,0
1715770861544,0,0,0,0
1715770861548,0,0,0,0
1715770861552,0,0,0,0
1715770861556,0,0,0,0
1715770861560,0,0,0,0
1715770861564,0,0,0,0
1715770861570,0,0,0,0
1715770861576,0,0,0,0
1715770861581,0,0,0,0
1715770861585,0,0,0,0
1715770861592,0,0,0,0
1715770861596,0,0,0,0
1715770861600,0,0,0,0
1715770861606,0,0,0,0
1715770861612,0,0,0,0
1715770861616,0,0,0,0
1715770861619,0,0,0,0
1715770861624,0,0,0,0
1715770861627,0,0,0,0
1715770861631,0,0,0,0
1715770861636,0,0,0,0
1715770861642,0,0,0,0
1715770861646,0,0,0,0
1715770861650,0,0,0,0
1715770861654,0,0,0,0
1715770861658,0,0,0,0
1715770861661,0,0,0,0
1715770861668,0,0,0,0
1715770861673,0,0,0,0
1715770861678,0,0,0,0
1715770861681,0,0,0,0
1715770861684,0,0,0,0
1715770861688,0,0,0,0
1715770861692,0,0,0,0
1715770861696,0,0,0,0
1715770861702,0,0,0,0
1715770861707,0,0,0,0
1715770861711,0,0,0,0
1715770861718,0,0,0,0
1715770861722,0,0,0,0
1715770861725,0,0,0,0
1715770861729,0,0,0,0
1715770861734,0,0,0,0
1715770861737,0,0,0,0
1715770861741,0,0,0,0
1715770861744,0,0,0,0
1715770861750,0,0,0,0
1715770861753,0,0,0,0
1715770861757,0,0,0,0
1715770861761,0,0,0,0
1715770861764,0,0,0,0
1715770861769,0,0,0,0
1715770861772,0,0,0,0
1715770861776,0,0,0,0
1715770861779,0,0,0,0
1715770861782,0,0,0,0
1715770861786,0,0,0,0
1715770861792,0,0,0,0
1715770861796,0,0,0,0
1715770861800,0,0,0,0
1715770861803,0,0,0,0
1715770861808,0,0,0,0
1715770861811,0,0,0,0
1715770861816,0,0,0,0
1715770861821,0,0,0,0
1715770861825,0,0,0,0
1715770861829,0,0,0,0
1715770861833,0,0,0,0
1715770861837,0,0,0,0
1715770861842,0,0,0,0
1715770861846,0,0,0,0
1715770861850,0,0,0,0
1715770861854,0,0,0,0
1715770861857,0,0,0,0
1715770861861,0,0,0,0
1715770861866,0,0,0,0
1715770861873,0,0,0,0
1715770861876,0,0,0,0
1715770861879,0,0,0,0
1715770861883,0,0,0,0
1715770861887,0,0,0,0
1715770861891,0,0,0,0
1715770861894,0,0,0,0
1715770861899,0,0,0,0
1715770861903,0,0,0,0
1715770861907,0,0,0,0
1715770861910,0,0,0,0
1715770861915,0,0,0,0
1715770861919,0,0,0,0
1715770861923,0,0,0,0
1715770861927,0,0,0,0
1715770861930,0,0,0,0
1715770861934,0,0,0,0
1715770861938,0,0,0,0
1715770861941,0,0,0,0
1715770861945,0,0,0,0
1715770861948,0,0,0,0
1715770861952,0,0,0,0
1715770861957,0,0,0,0
1715770861960,0,0,0,0
1715770861963,0,0,0,0
1715770861969,0,0,0,0
1715770861972,0,0,0,0
1715770861976,0,0,0,0
1715770861980,0,0,0,0
1715770861983,0,0,0,0
1715770861987,0,0,0,0
1715770861990,0,0,0,0
1715770862004,0,0,0,0
1715770862009,0,0,0,0
1715770862012,0,0,0,0
1715770862016,0,0,0,0
1715770862020,0,0,0,0
1715770862023,0,0,0,0
1715770862027,0,0,0,0
1715770862032,0,0,0,0
1715770862036,0,0,0,0
1715770862039,0,0,0,0
1715770862043,0,0,0,0
1715770862047,0,0,0,0
1715770862050,0,0,0,0
1715770862054,0,0,0,0
1715770862059,0,0,0,0
1715770862063,0,0,0,0
1715770862067,0,0,0,0
1715770862073,0,0,0,0
1715770862077,0,0,0,0
1715770862080,0,0,0,0
1715770862084,0,0,0,0
1715770862088,0,0,0,0
1715770862092,0,0,0,0
1715770862097,0,0,0,0
1715770862102,0,0,0,0
1715770862106,0,0,0,0
1715770862110,0,0,0,0
1715770862113,0,0,0,0
1715770862117,0,0,0,0
1715770862121,0,0,0,0
1715770862125,0,0,0,0
1715770862130,0,0,0,0
1715770862133,0,0,0,0
1715770862137,0,0,0,0
1715770862141,0,0,0,0
1715770862145,0,0,0,0
1715770862150,0,0,0,0
1715770862153,0,0,0,0
1715770862156,0,0,0,0
1715770862160,0,0,0,0
1715770862163,0,0,0,0
1715770862168,0,0,0,0
1715770862173,0,0,0,0
1715770862177,0,0,0,0
1715770862181,0,0,0,0
1715770862183,0,0,0,0
1715770862188,0,0,0,0
1715770862191,0,0,0,0
1715770862194,0,0,0,0
1715770862198,0,0,0,0
1715770862213,0,0,0,0
1715770862216,0,0,0,0
1715770862221,0,0,0,0
1715770862224,0,0,0,0
1715770862227,0,0,0,0
1715770862231,0,0,0,0
1715770862236,0,0,0,0
1715770862240,0,0,0,0
1715770862244,0,0,0,0
1715770862248,0,0,0,0
1715770862252,0,0,0,0
1715770862255,0,0,0,0
1715770862258,0,0,0,0
1715770862263,0,0,0,0
1715770862267,0,0,0,0
1715770862272,0,0,0,0
1715770862277,0,0,0,0
1715770862281,0,0,0,0
1715770862284,0,0,0,0
1715770862292,0,0,0,0
1715770862314,0,0,0,0
1715770862332,0,0,0,0
1715770862348,0,0,0,0
1715770862366,0,0,0,0
1715770862383,0,0,0,0
1715770862401,0,0,0,0
1715770862419,0,0,0,0
1715770862436,0,0,0,0
1715770862453,0,0,0,0
1715770862472,0,0,0,0
1715770862491,0,0,0,0
1715770862511,0,0,0,0
1715770862528,0,0,0,0
1715770862546,0,0,0,0
1715770862562,0,0,0,0
1715770862578,0,0,0,0
1715770862586,0,0,0,0
1715770862591,0,0,0,0
1715770862594,0,0,0,0
1715770862598,0,0,0,0
1715770862604,0,0,0,0
1715770862608,0,0,0,0
1715770862612,0,0,0,0
1715770862616,0,0,0,0
1715770862619,0,0,0,0
1715770862623,0,0,0,0
1715770862628,0,0,0,0
1715770862631,0,0,0,0
1715770862634,0,0,0,0
1715770862639,0,0,0,0
1715770862644,0,0,0,0
1715770862648,0,0,0,0
1715770862652,0,0,0,0
1715770862654,0,0,0,0
1715770862660,0,0,0,0
1715770862679,0,0,0,0
1715770862696,0,0,0,0
1715770862704,0,0,0,0
1715770862709,0,0,0,0
1715770862714,0,0,0,0
1715770862718,0,0,0,0
1715770862722,0,0,0,0
1715770862725,0,0,0,0
1715770862730,0,0,0,0
1715770862734,0,0,0,0
1715770862739,0,0,0,0
1715770862743,0,0,0,0
1715770862746,0,0,0,0
1715770862750,0,0,0,0
1715770862753,0,0,0,0
1715770862757,0,0,0,0
1715770862760,0,0,0,0
1715770862765,0,0,0,0
1715770862770,0,0,0,0
1715770862774,0,0,0,0
1715770862779,0,0,0,0
1715770862781,0,0,0,0
1715770862786,0,0,0,0
1715770862789,0,0,0,0
1715770862794,0,0,0,0
1715770862797,0,0,0,0
1715770862801,0,0,0,0
1715770862804,0,0,0,0
1715770862809,0,0,0,0
1715770862813,0,0,0,0
1715770862818,0,0,0,0
1715770862821,0,0,0,0
1715770862824,0,0,0,0
1715770862828,0,0,0,0
1715770862832,0,0,0,0
1715770862836,0,0,0,0
1715770862839,0,0,0,0
1715770862843,0,0,0,0
1715770862847,0,0,0,0
1715770862851,0,0,0,0
1715770862855,0,0,0,0
1715770862859,0,0,0,0
1715770862862,0,0,0,0
1715770862866,0,0,0,0
1715770862870,0,0,0,0
1715770862874,0,0,0,0
1715770862878,0,0,0,0
1715770862882,0,0,0,0
1715770862888,0,0,0,0
1715770862892,0,0,0,0
1715770862903,0,0,0,0
1715770862906,0,0,0,0
1715770862911,0,0,0,0
1715770862914,0,0,0,0
1715770862918,0,0,0,0
1715770862922,0,0,0,0
1715770862926,0,0,0,0
1715770862931,0,0,0,0
1715770862934,0,0,0,0
1715770862939,0,0,0,0
1715770862942,0,0,0,0
1715770862946,0,0,0,0
1715770862951,0,0,0,0
1715770862955,0,0,0,0
1715770862960,0,0,0,0
1715770862964,0,0,0,0
1715770862968,0,0,0,0
1715770862972,0,0,0,0
1715770862976,0,0,0,0
1715770862981,0,0,0,0
1715770862984,0,0,0,0
1715770862990,0,0,0,0
1715770862993,0,0,0,0
1715770862997,0,0,0,0
1715770863001,0,0,0,0
1715770863006,0,0,0,0
1715770863011,0,0,0,0
1715770863015,0,0,0,0
1715770863018,0,0,0,0
1715770863023,0,0,0,0
1715770863027,0,0,0,0
1715770863031,0,0,0,0
1715770863034,0,0,0,0
1715770863040,0,0,0,0
1715770863044,0,0,0,0
1715770863049,0,0,0,0
1715770863053,0,0,0,0
1715770863057,0,0,0,0
1715770863060,0,0,0,0
1715770863064,0,0,0,0
1715770863070,0,0,0,0
1715770863074,0,0,0,0
1715770863078,0,0,0,0
1715770863081,0,0,0,0
1715770863085,0,0,0,0
1715770863092,0,0,0,0
1715770863095,0,0,0,0
1715770863104,0,0,0,0
1715770863108,0,0,0,0
1715770863112,0,0,0,0
1715770863116,0,0,0,0
1715770863119,0,0,0,0
1715770863123,0,0,0,0
1715770863128,0,0,0,0
1715770863132,0,0,0,0
1715770863136,0,0,0,0
1715770863139,0,0,0,0
1715770863144,0,0,0,0
1715770863149,0,0,0,0
1715770863152,0,0,0,0
1715770863156,0,0,0,0
1715770863160,0,0,0,0
1715770863164,0,0,0,0
1715770863168,0,0,0,0
1715770863171,0,0,0,0
1715770863176,0,0,0,0
1715770863180,0,0,0,0
1715770863183,0,0,0,0
1715770863188,0,0,0,0
1715770863191,0,0,0,0
1715770863196,0,0,0,0
1715770863199,0,0,0,0
1715770863203,0,0,0,0
1715770863208,0,0,0,0
1715770863212,0,0,0,0
1715770863217,0,0,0,0
1715770863219,0,0,0,0
1715770863224,0,0,0,0
1715770863228,0,0,0,0
1715770863232,0,0,0,0
1715770863236,0,0,0,0
1715770863241,0,0,0,0
1715770863244,0,0,0,0
1715770863249,0,0,0,0
1715770863252,0,0,0,0
1715770863257,0,0,0,0
1715770863260,0,0,0,0
1715770863265,0,0,0,0
1715770863271,0,0,0,0
1715770863276,0,0,0,0
1715770863280,0,0,0,0
1715770863283,0,0,0,0
1715770863286,0,0,0,0
1715770863293,0,0,0,0
1715770863297,0,0,0,0
1715770863300,0,0,0,0
1715770863306,0,0,0,0
1715770863310,0,0,0,0
1715770863314,0,0,0,0
1715770863317,0,0,0,0
1715770863322,0,0,0,0
1715770863325,0,0,0,0
1715770863329,0,0,0,0
1715770863333,0,0,0,0
1715770863337,0,0,0,0
1715770863341,0,0,0,0
1715770863345,0,0,0,0
1715770863349,0,0,0,0
1715770863353,0,0,0,0
1715770863357,0,0,0,0
1715770863361,0,0,0,0
1715770863364,0,0,0,0
1715770863369,0,0,0,0
1715770863371,0,0,0,0
1715770863376,0,0,0,0
1715770863380,0,0,0,0
1715770863383,0,0,0,0
1715770863387,0,0,0,0
1715770863391,0,0,0,0
1715770863393,0,0,0,0
1715770863399,0,0,0,0
1715770863402,0,0,0,0
1715770863408,0,0,0,0
1715770863410,0,0,0,0
1715770863415,0,0,0,0
1715770863418,0,0,0,0
1715770863421,0,0,0,0
1715770863426,0,0,0,0
1715770863429,0,0,0,0
1715770863434,0,0,0,0
1715770863438,0,0,0,0
1715770863442,0,0,0,0
1715770863445,0,0,0,0
1715770863449,0,0,0,0
1715770863453,0,0,0,0
1715770863457,0,0,0,0
1715770863461,0,0,0,0
1715770863464,0,0,0,0
1715770863469,0,0,0,0
1715770863472,0,0,0,0
1715770863477,0,0,0,0
1715770863480,0,0,0,0
1715770863483,0,0,0,0
1715770863488,0,0,0,0
1715770863494,0,0,0,0
1715770863498,0,0,0,0
1715770863502,0,0,0,0
1715770863506,0,0,0,0
1715770863510,0,0,0,0
1715770863514,0,0,0,0
1715770863518,0,0,0,0
1715770863521,0,0,0,0
1715770863526,0,0,0,0
1715770863529,0,0,0,0
1715770863533,0,0,0,0
1715770863537,0,0,0,0
1715770863541,0,0,0,0
1715770863545,0,0,0,0
1715770863549,0,0,0,0
1715770863552,0,0,0,0
1715770863556,0,0,0,0
1715770863559,0,0,0,0
1715770863563,0,0,0,0
1715770863568,0,0,0,0
1715770863571,0,0,0,0
1715770863576,0,0,0,0
1715770863580,0,0,0,0
1715770863583,0,0,0,0
1715770863588,0,0,0,0
1715770863590,0,0,0,0
1715770863596,0,0,0,0
1715770863599,0,0,0,0
1715770863604,0,0,0,0
1715770863609,0,0,0,0
1715770863622,0,0,0,0
1715770863627,0,0,0,0
1715770863632,0,0,0,0
1715770863636,0,0,0,0
1715770863639,0,0,0,0
1715770863643,0,0,0,0
1715770863647,0,0,0,0
1715770863651,0,0,0,0
1715770863654,0,0,0,0
1715770863658,0,0,0,0
1715770863663,0,0,0,0
1715770863666,0,0,0,0
1715770863671,0,0,0,0
1715770863676,0,0,0,0
1715770863679,0,0,0,0
1715770863683,0,0,0,0
1715770863687,0,0,0,0
1715770863691,0,0,0,0
1715770863696,0,0,0,0
1715770863699,0,0,0,0
1715770863703,0,0,0,0
1715770863708,0,0,0,0
1715770863712,0,0,0,0
1715770863716,0,0,0,0
1715770863771,0,0,0,0
1715770863777,0,0,0,0
1715770863781,0,0,0,0
1715770863785,0,0,0,0
1715770863790,0,0,0,0
1715770863794,0,0,0,0
1715770863797,0,0,0,0
1715770863801,0,0,0,0
1715770863806,0,0,0,0
1715770863809,0,0,0,0
1715770863814,0,0,0,0
1715770863818,0,0,0,0
1715770863822,0,0,0,0
1715770863827,0,0,0,0
1715770863830,0,0,0,0
1715770863834,0,0,0,0
1715770863840,0,0,0,0
1715770863845,0,0,0,0
1715770863849,0,0,0,0
1715770863853,0,0,0,0
1715770863857,0,0,0,0
1715770863861,0,0,0,0
1715770863865,0,0,0,0
1715770863869,0,0,0,0
1715770863874,0,0,0,0
1715770863878,0,0,0,0
1715770863882,0,0,0,0
1715770863886,0,0,0,0
1715770863889,0,0,0,0
1715770863894,0,0,0,0
1715770863900,0,0,0,0
1715770863904,0,0,0,0
1715770863909,0,0,0,0
1715770863912,0,0,0,0
1715770863917,0,0,0,0
1715770863920,0,0,0,0
1715770863924,0,0,0,0
1715770863928,0,0,0,0
1715770863932,0,0,0,0
1715770863937,0,0,0,0
1715770863941,0,0,0,0
1715770863945,0,0,0,0
1715770863948,0,0,0,0
1715770863952,0,0,0,0
1715770863956,0,0,0,0
1715770863960,0,0,0,0
1715770863964,0,0,0,0
1715770863968,0,0,0,0
1715770863972,0,0,0,0
1715770863977,0,0,0,0
1715770863981,0,0,0,0
1715770863984,0,0,0,0
1715770863990,0,0,0,0
1715770863994,0,0,0,0
1715770863997,0,0,0,0
1715770864001,0,0,0,0
1715770864006,0,0,0,0
1715770864010,0,0,0,0
1715770864015,0,0,0,0
1715770864019,0,0,0,0
1715770864023,0,0,0,0
1715770864027,0,0,0,0
1715770864032,0,0,0,0
1715770864037,0,0,0,0
1715770864040,0,0,0,0
1715770864045,0,0,0,0
1715770864050,0,0,0,0
1715770864053,0,0,0,0
1715770864057,0,0,0,0
1715770864061,0,0,0,0
1715770864065,0,0,0,0
1715770864070,0,0,0,0
1715770864075,0,0,0,0
1715770864079,0,0,0,0
1715770864084,0,0,0,0
1715770864088,0,0,0,0
1715770864093,0,0,0,0
1715770864097,0,0,0,0
1715770864103,0,0,0,0
1715770864109,0,0,0,0
1715770864112,0,0,0,0
1715770864117,0,0,0,0
1715770864121,0,0,0,0
1715770864126,0,0,0,0
1715770864132,0,0,0,0
1715770864137,0,0,0,0
1715770864141,0,0,0,0
1715770864146,0,0,0,0
1715770864150,0,0,0,0
1715770864153,0,0,0,0
1715770864157,0,0,0,0
1715770864161,0,0,0,0
1715770864166,0,0,0,0
1715770864171,0,0,0,0
1715770864174,0,0,0,0
1715770864179,0,0,0,0
1715770864183,0,0,0,0
1715770864189,0,0,0,0
1715770864192,0,0,0,0
1715770864197,0,0,0,0
1715770864201,0,0,0,0
1715770864204,0,0,0,0
1715770864210,0,0,0,0
1715770864214,0,0,0,0
1715770864219,0,0,0,0
1715770864222,0,0,0,0
1715770864227,0,0,0,0
1715770864232,0,0,0,0
1715770864236,0,0,0,0
1715770864241,0,0,0,0
1715770864247,0,0,0,0
1715770864252,0,0,0,0
1715770864257,0,0,0,0
1715770864260,0,0,0,0
1715770864266,0,0,0,0
1715770864271,0,0,0,0
1715770864274,0,0,0,0
1715770864281,0,0,0,0
1715770864284,0,0,0,0
1715770864289,0,0,0,0
1715770864292,0,0,0,0
1715770864297,0,0,0,0
1715770864304,0,0,0,0
1715770864308,0,0,0,0
1715770864314,0,0,0,0
1715770864319,0,0,0,0
1715770864327,0,0,0,0
1715770864331,0,0,0,0
1715770864337,0,0,0,0
1715770864340,0,0,0,0
1715770864346,0,0,0,0
1715770864351,0,0,0,0
1715770864354,0,0,0,0
1715770864358,0,0,0,0
1715770864363,0,0,0,0
1715770864366,0,0,0,0
1715770864370,0,0,0,0
1715770864374,0,0,0,0
1715770864378,0,0,0,0
1715770864382,0,0,0,0
1715770864387,0,0,0,0
1715770864392,0,0,0,0
1715770864397,0,0,0,0
1715770864401,0,0,0,0
1715770864405,0,0,0,0
1715770864410,0,0,0,0
1715770864415,0,0,0,0
1715770864418,0,0,0,0
1715770864421,0,0,0,0
1715770864426,0,0,0,0
1715770864429,0,0,0,0
1715770864436,0,0,0,0
1715770864441,0,0,0,0
1715770864446,0,0,0,0
1715770864453,0,0,0,0
1715770864456,0,0,0,0
1715770864460,0,0,0,0
1715770864464,0,0,0,0
1715770864468,0,0,0,0
1715770864474,0,0,0,0
1715770864478,0,0,0,0
1715770864482,0,0,0,0
1715770864487,0,0,0,0
1715770864491,0,0,0,0
1715770864495,0,0,0,0
1715770864499,0,0,0,0
1715770864506,0,0,0,0
1715770864510,0,0,0,0
1715770864514,0,0,0,0
1715770864519,0,0,0,0
1715770864523,0,0,0,0
1715770864528,0,0,0,0
1715770864532,0,0,0,0
1715770864535,0,0,0,0
1715770864540,0,0,0,0
1715770864543,0,0,0,0
1715770864548,0,0,0,0
1715770864552,0,0,0,0
1715770864556,0,0,0,0
1715770864559,0,0,0,0
1715770864562,0,0,0,0
1715770864566,0,0,0,0
1715770864571,0,0,0,0
1715770864576,0,0,0,0
1715770864580,0,0,0,0
1715770864584,0,0,0,0
1715770864588,0,0,0,0
1715770864591,0,0,0,0
1715770864596,0,0,0,0
1715770864599,0,0,0,0
1715770864603,0,0,0,0
1715770864608,0,0,0,0
1715770864611,0,0,0,0
1715770864616,0,0,0,0
1715770864619,0,0,0,0
1715770864624,0,0,0,0
1715770864627,0,0,0,0
1715770864632,0,0,0,0
1715770864636,0,0,0,0
1715770864640,0,0,0,0
1715770864645,0,0,0,0
1715770864649,0,0,0,0
1715770864653,0,0,0,0
1715770864656,0,0,0,0
1715770864660,0,0,0,0
1715770864664,0,0,0,0
1715770864669,0,0,0,0
1715770864673,0,0,0,0
1715770864678,0,0,0,0
1715770864681,0,0,0,0
1715770864686,0,0,0,0
1715770864690,0,0,0,0
1715770864694,0,0,0,0
1715770864698,0,0,0,0
1715770864702,0,0,0,0
1715770864711,0,0,0,0
1715770864715,0,0,0,0
1715770864721,0,0,0,0
1715770864724,0,0,0,0
1715770864728,0,0,0,0
1715770864733,0,0,0,0
1715770864736,0,0,0,0
1715770864741,0,0,0,0
1715770864744,0,0,0,0
1715770864748,0,0,0,0
1715770864753,0,0,0,0
1715770864756,0,0,0,0
1715770864759,0,0,0,0
1715770864764,0,0,0,0
1715770864768,0,0,0,0
1715770864773,0,0,0,0
1715770864777,0,0,0,0
1715770864781,0,0,0,0
1715770864784,0,0,0,0
1715770864789,0,0,0,0
1715770864792,0,0,0,0
1715770864797,0,0,0,0
1715770864801,0,0,0,0
1715770864805,0,0,0,0
1715770864810,0,0,0,0
1715770864814,0,0,0,0
1715770864818,0,0,0,0
1715770864821,0,0,0,0
1715770864824,0,0,0,0
1715770864829,0,0,0,0
1715770864834,0,0,0,0
1715770864837,0,0,0,0
1715770864842,0,0,0,0
1715770864846,0,0,0,0
1715770864850,0,0,0,0
1715770864854,0,0,0,0
1715770864858,0,0,0,0
1715770864862,0,0,0,0
1715770864866,0,0,0,0
1715770864870,0,0,0,0
1715770864874,0,0,0,0
1715770864878,0,0,0,0
1715770864883,0,0,0,0
1715770864887,0,0,0,0
1715770864891,0,0,0,0
1715770864895,0,0,0,0
1715770864900,0,0,0,0
1715770864903,0,0,0,0
1715770864910,0,0,0,0
1715770864914,0,0,0,0
1715770864916,0,0,0,0
1715770864921,0,0,0,0
1715770864924,0,0,0,0
1715770864930,0,0,0,0
1715770864934,0,0,0,0
1715770864939,0,0,0,0
1715770864943,0,0,0,0
1715770864948,0,0,0,0
1715770864952,0,0,0,0
1715770864956,0,0,0,0
1715770864959,0,0,0,0
1715770864963,0,0,0,0
1715770864968,0,0,0,0
1715770864972,0,0,0,0
1715770864976,0,0,0,0
1715770864980,0,0,0,0
1715770864983,0,0,0,0
1715770864988,0,0,0,0
1715770864991,0,0,0,0
1715770864994,0,0,0,0
1715770864999,0,0,0,0
1715770865003,0,0,0,0
1715770865006,0,0,0,0
1715770865011,0,0,0,0
1715770865015,0,0,0,0
1715770865019,0,0,0,0
1715770865023,0,0,0,0
1715770865027,0,0,0,0
1715770865032,0,0,0,0
1715770865036,0,0,0,0
1715770865041,0,0,0,0
1715770865045,0,0,0,0
1715770865049,0,0,0,0
1715770865054,0,0,0,0
1715770865059,0,0,0,0
1715770865063,0,0,0,0
1715770865068,0,0,0,0
1715770865072,0,0,0,0
1715770865076,0,0,0,0
1715770865080,0,0,0,0
1715770865084,0,0,0,0
1715770865087,0,0,0,0
1715770865117,0,0,0,0
1715770865125,0,0,0,0
1715770865129,0,0,0,0
1715770865132,0,0,0,0
1715770865136,0,0,0,0
1715770865140,0,0,0,0
1715770865144,0,0,0,0
1715770865149,0,0,0,0
1715770865153,0,0,0,0
1715770865158,0,0,0,0
1715770865162,0,0,0,0
1715770865167,0,0,0,0
1715770865172,0,0,0,0
1715770865176,0,0,0,0
1715770865180,0,0,0,0
1715770865184,0,0,0,0
1715770865189,0,0,0,0
1715770865194,0,0,0,0
1715770865197,0,0,0,0
1715770865202,0,0,0,0
1715770865206,0,0,0,0
1715770865210,0,0,0,0
1715770865214,0,0,0,0
1715770865217,0,0,0,0
1715770865222,0,0,0,0
1715770865226,0,0,0,0
1715770865230,0,0,0,0
1715770865234,0,0,0,0
1715770865238,0,0,0,0
1715770865241,0,0,0,0
1715770865246,0,0,0,0
1715770865251,0,0,0,0
1715770865254,0,0,0,0
1715770865259,0,0,0,0
1715770865262,0,0,0,0
1715770865267,0,0,0,0
1715770865273,0,0,0,0
1715770865276,0,0,0,0
1715770865280,0,0,0,0
1715770865284,0,0,0,0
1715770865290,0,0,0,0
1715770865294,0,0,0,0
1715770865298,0,0,0,0
1715770865302,0,0,0,0
1715770865306,0,0,0,0
1715770865312,0,0,0,0
1715770865316,0,0,0,0
1715770865320,0,0,0,0
1715770865329,0,0,0,0
1715770865332,0,0,0,0
1715770865337,0,0,0,0
1715770865341,0,0,0,0
1715770865345,0,0,0,0
1715770865350,0,0,0,0
1715770865354,0,0,0,0
1715770865358,0,0,0,0
1715770865362,0,0,0,0
1715770865366,0,0,0,0
1715770865371,0,0,0,0
1715770865374,0,0,0,0
1715770865380,0,0,0,0
1715770865383,0,0,0,0
1715770865389,0,0,0,0
1715770865393,0,0,0,0
1715770865398,0,0,0,0
1715770865401,0,0,0,0
1715770865406,0,0,0,0
1715770865411,0,0,0,0
1715770865414,0,0,0,0
1715770865419,0,0,0,0
1715770865424,0,0,0,0
1715770865428,0,0,0,0
1715770865432,0,0,0,0
1715770865436,0,0,0,0
1715770865440,0,0,0,0
1715770865445,0,0,0,0
1715770865448,0,0,0,0
1715770865452,0,0,0,0
1715770865456,0,0,0,0
1715770865460,0,0,0,0
1715770865463,0,0,0,0
1715770865468,0,0,0,0
1715770865472,0,0,0,0
1715770865477,0,0,0,0
1715770865481,0,0,0,0
1715770865484,0,0,0,0
1715770865489,0,0,0,0
1715770865492,0,0,0,0
1715770865497,0,0,0,0
1715770865500,0,0,0,0
1715770865506,0,0,0,0
1715770865511,0,0,0,0
1715770865514,0,0,0,0
1715770865519,0,0,0,0
1715770865524,0,0,0,0
1715770865530,0,0,0,0
1715770865535,0,0,0,0
1715770865539,0,0,0,0
1715770865543,0,0,0,0
1715770865547,0,0,0,0
1715770865552,0,0,0,0
1715770865556,0,0,0,0
1715770865559,0,0,0,0
1715770865564,0,0,0,0
1715770865568,0,0,0,0
1715770865572,0,0,0,0
1715770865576,0,0,0,0
1715770865581,0,0,0,0
1715770865584,0,0,0,0
1715770865589,0,0,0,0
1715770865593,0,0,0,0
1715770865596,0,0,0,0
1715770865602,0,0,0,0
1715770865607,0,0,0,0
1715770865611,0,0,0,0
1715770865615,0,0,0,0
1715770865619,0,0,0,0
1715770865623,0,0,0,0
1715770865627,0,0,0,0
1715770865631,0,0,0,0
1715770865636,0,0,0,0
1715770865640,0,0,0,0
1715770865644,0,0,0,0
1715770865649,0,0,0,0
1715770865652,0,0,0,0
1715770865656,0,0,0,0
1715770865660,0,0,0,0
1715770865663,0,0,0,0
1715770865669,0,0,0,0
1715770865674,0,0,0,0
1715770865678,0,0,0,0
1715770865683,0,0,0,0
1715770865687,0,0,0,0
1715770865691,0,0,0,0
1715770865696,0,0,0,0
1715770865701,0,0,0,0
1715770865705,0,0,0,0
1715770865709,0,0,0,0
1715770865714,0,0,0,0
1715770865719,0,0,0,0
1715770865723,0,0,0,0
1715770865727,0,0,0,0
1715770865734,0,0,0,0
1715770865738,0,0,0,0
1715770865743,0,0,0,0
1715770865748,0,0,0,0
1715770865752,0,0,0,0
1715770865756,0,0,0,0
1715770865761,0,0,0,0
1715770865766,0,0,0,0
1715770865771,0,0,0,0
1715770865775,0,0,0,0
1715770865778,0,0,0,0
1715770865782,0,0,0,0
1715770865786,0,0,0,0
1715770865790,0,0,0,0
1715770865795,0,0,0,0
1715770865799,0,0,0,0
1715770865803,0,0,0,0
1715770865808,0,0,0,0
1715770865812,0,0,0,0
1715770865816,0,0,0,0
1715770865819,0,0,0,0
1715770865823,0,0,0,0
1715770865827,0,0,0,0
1715770865831,0,0,0,0
1715770865836,0,0,0,0
1715770865840,0,0,0,0
1715770865844,0,0,0,0
1715770865849,0,0,0,0
1715770865852,0,0,0,0
1715770865856,0,0,0,0
1715770865859,0,0,0,0
1715770865864,0,0,0,0
1715770865869,0,0,0,0
1715770865873,0,0,0,0
1715770865878,0,0,0,0
1715770865881,0,0,0,0
1715770865886,0,0,0,0
1715770865891,0,0,0,0
1715770865896,0,0,0,0
1715770865901,0,0,0,0
1715770865906,0,0,0,0
1715770865911,0,0,0,0
1715770865914,0,0,0,0
1715770865919,0,0,0,0
1715770865923,0,0,0,0
1715770865928,0,0,0,0
1715770865934,0,0,0,0
1715770865939,0,0,0,0
1715770865943,0,0,0,0
1715770865946,0,0,0,0
1715770865951,0,0,0,0
1715770865954,0,0,0,0
1715770865958,0,0,0,0
1715770865963,0,0,0,0
1715770865968,0,0,0,0
1715770865973,0,0,0,0
1715770865977,0,0,0,0
1715770865982,0,0,0,0
1715770865986,0,0,0,0
1715770865992,0,0,0,0
1715770865996,0,0,0,0
1715770866001,0,0,0,0
1715770866006,0,0,0,0
1715770866011,0,0,0,0
1715770866016,0,0,0,0
1715770866020,0,0,0,0
1715770866024,0,0,0,0
1715770866029,0,0,0,0
1715770866033,0,0,0,0
1715770866038,0,0,0,0
1715770866042,0,0,0,0
1715770866046,0,0,0,0
1715770866052,0,0,0,0
1715770866055,0,0,0,0
1715770866060,0,0,0,0
1715770866063,0,0,0,0
1715770866068,0,0,0,0
1715770866073,0,0,0,0
1715770866078,0,0,0,0
1715770866083,0,0,0,0
1715770866086,0,0,0,0
1715770866092,0,0,0,0
1715770866096,0,0,0,0
1715770866101,0,0,0,0
1715770866105,0,0,0,0
1715770866110,0,0,0,0
1715770866115,0,0,0,0
1715770866118,0,0,0,0
1715770866123,0,0,0,0
1715770866128,0,0,0,0
1715770866133,0,0,0,0
1715770866140,0,0,0,0
1715770866145,0,0,0,0
1715770866150,0,0,0,0
1715770866154,0,0,0,0
1715770866158,0,0,0,0
1715770866163,0,0,0,0
1715770866167,0,0,0,0
1715770866173,0,0,0,0
1715770866178,0,0,0,0
1715770866181,0,0,0,0
1715770866186,0,0,0,0
1715770866191,0,0,0,0
1715770866196,0,0,0,0
1715770866201,0,0,0,0
1715770866206,0,0,0,0
1715770866212,0,0,0,0
1715770866217,0,0,0,0
1715770866220,0,0,0,0
1715770866226,0,0,0,0
1715770866230,0,0,0,0
1715770866235,0,0,0,0
1715770866240,0,0,0,0
1715770866244,0,0,0,0
1715770866250,0,0,0,0
1715770866253,0,0,0,0
1715770866258,0,0,0,0
1715770866263,0,0,0,0
1715770866268,0,0,0,0
1715770866274,0,0,0,0
1715770866279,0,0,0,0
1715770866283,0,0,0,0
1715770866288,0,0,0,0
1715770866292,0,0,0,0
1715770866296,0,0,0,0
1715770866301,0,0,0,0
1715770866306,0,0,0,0
1715770866311,0,0,0,0
1715770866316,0,0,0,0
1715770866321,0,0,0,0
1715770866325,0,0,0,0
1715770866331,0,0,0,0
1715770866334,0,0,0,0
1715770866342,0,0,0,0
1715770866348,0,0,0,0
1715770866353,0,0,0,0
1715770866356,0,0,0,0
1715770866361,0,0,0,0
1715770866364,0,0,0,0
1715770866369,0,0,0,0
1715770866372,0,0,0,0
1715770866379,0,0,0,0
1715770866384,0,0,0,0
1715770866389,0,0,0,0
1715770866393,0,0,0,0
1715770866397,0,0,0,0
1715770866401,0,0,0,0
1715770866406,0,0,0,0
1715770866411,0,0,0,0
1715770866414,0,0,0,0
1715770866419,0,0,0,0
1715770866424,0,0,0,0
1715770866429,0,0,0,0
1715770866434,0,0,0,0
1715770866438,0,0,0,0
1715770866442,0,0,0,0
1715770866448,0,0,0,0
1715770866451,0,0,0,0
1715770866456,0,0,0,0
1715770866461,0,0,0,0
1715770866464,0,0,0,0
1715770866469,0,0,0,0
1715770866474,0,0,0,0
1715770866479,0,0,0,0
1715770866482,0,0,0,0
1715770866487,0,0,0,0
1715770866492,0,0,0,0
1715770866496,0,0,0,0
1715770866501,0,0,0,0
1715770866504,0,0,0,0
1715770866510,0,0,0,0
1715770866515,0,0,0,0
1715770866518,0,0,0,0
1715770866523,0,0,0,0
1715770866526,0,0,0,0
1715770866532,0,0,0,0
1715770866536,0,0,0,0
1715770866543,0,0,0,0
1715770866546,0,0,0,0
1715770866551,0,0,0,0
1715770866555,0,0,0,0
1715770866558,0,0,0,0
1715770866562,0,0,0,0
1715770866567,0,0,0,0
1715770866571,0,0,0,0
1715770866576,0,0,0,0
1715770866580,0,0,0,0
1715770866585,0,0,0,0
1715770866589,0,0,0,0
1715770866594,0,0,0,0
1715770866598,0,0,0,0
1715770866602,0,0,0,0
1715770866608,0,0,0,0
1715770866611,0,0,0,0
1715770866617,0,0,0,0
1715770866620,0,0,0,0
1715770866624,0,0,0,0
1715770866628,0,0,0,0
1715770866632,0,0,0,0
1715770866636,0,0,0,0
1715770866640,0,0,0,0
1715770866643,0,0,0,0
1715770866648,0,0,0,0
1715770866651,0,0,0,0
1715770866655,0,0,0,0
1715770866659,0,0,0,0
1715770866663,0,0,0,0
1715770866668,0,0,0,0
1715770866672,0,0,0,0
1715770866677,0,0,0,0
1715770866680,0,0,0,0
1715770866683,0,0,0,0
1715770866687,0,0,0,0
1715770866690,0,0,0,0
1715770866694,0,0,0,0
1715770866698,0,0,0,0
1715770866701,0,0,0,0
1715770866704,0,0,0,0
1715770866709,0,0,0,0
1715770866714,0,0,0,0
1715770866717,0,0,0,0
1715770866721,0,0,0,0
1715770866725,0,0,0,0
1715770866730,0,0,0,0
1715770866734,0,0,0,0
1715770866739,0,0,0,0
1715770866744,0,0,0,0
1715770866750,0,0,0,0
1715770866752,0,0,0,0
1715770866756,0,0,0,0
1715770866760,0,0,0,0
1715770866764,0,0,0,0
1715770866768,0,0,0,0
1715770866773,0,0,0,0
1715770866777,0,0,0,0
1715770866781,0,0,0,0
1715770866784,0,0,0,0
1715770866790,0,0,0,0
1715770866794,0,0,0,0
1715770866799,0,0,0,0
1715770866804,0,0,0,0
1715770866809,0,0,0,0
1715770866812,0,0,0,0
1715770866817,0,0,0,0
1715770866820,0,0,0,0
1715770866823,0,0,0,0
1715770866827,0,0,0,0
1715770866832,0,0,0,0
1715770866836,0,0,0,0
1715770866839,0,0,0,0
1715770866844,0,0,0,0
1715770866848,0,0,0,0
1715770866851,0,0,0,0
1715770866855,0,0,0,0
1715770866858,0,0,0,0
1715770866862,0,0,0,0
1715770866866,0,0,0,0
1715770866869,0,0,0,0
1715770866873,0,0,0,0
1715770866877,0,0,0,0
1715770866881,0,0,0,0
1715770866885,0,0,0,0
1715770866888,0,0,0,0
1715770866892,0,0,0,0
1715770866897,0,0,0,0
1715770866900,0,0,0,0
1715770866904,0,0,0,0
1715770866909,0,0,0,0
1715770866914,0,0,0,0
1715770866917,0,0,0,0
1715770866921,0,0,0,0
1715770866924,0,0,0,0
1715770866929,0,0,0,0
1715770866932,0,0,0,0
1715770866936,0,0,0,0
1715770866940,0,0,0,0
1715770866946,0,0,0,0
1715770866952,0,0,0,0
1715770866956,0,0,0,0
1715770866959,0,0,0,0
1715770866963,0,0,0,0
1715770866967,0,0,0,0
1715770866970,0,0,0,0
1715770866975,0,0,0,0
1715770866978,0,0,0,0
1715770866981,0,0,0,0
1715770866985,0,0,0,0
1715770866989,0,0,0,0
1715770866993,0,0,0,0
1715770866998,0,0,0,0
1715770867016,0,0,0,0
1715770867027,0,0,0,0
1715770867046,0,0,0,0
1715770867063,0,0,0,0
1715770867082,0,0,0,0
1715770867100,0,0,0,0
1715770867119,0,0,0,0
1715770867137,0,0,0,0
1715770867157,0,0,0,0
1715770867176,0,0,0,0
1715770867194,0,0,0,0
1715770867213,0,0,0,0
1715770867231,0,0,0,0
1715770867250,0,0,0,0
1715770867266,0,0,0,0
1715770867285,0,0,0,0
1715770867311,0,0,0,0
1715770867328,0,0,0,0
1715770867346,0,0,0,0
1715770867363,0,0,0,0
1715770867382,0,0,0,0
1715770867396,0,0,0,0
1715770867406,0,0,0,0
1715770867411,0,0,0,0
1715770867414,0,0,0,0
1715770867418,0,0,0,0
1715770867421,0,0,0,0
1715770867425,0,0,0,0
1715770867430,0,0,0,0
1715770867433,0,0,0,0
1715770867438,0,0,0,0
1715770867441,0,0,0,0
1715770867446,0,0,0,0
1715770867450,0,0,0,0
1715770867456,0,0,0,0
1715770867474,0,0,0,0
1715770867490,0,0,0,0
1715770867509,0,0,0,0
1715770867528,0,0,0,0
1715770867547,0,0,0,0
1715770867565,0,0,0,0
1715770867582,0,0,0,0
1715770867601,0,0,0,0
1715770867620,0,0,0,0
1715770867636,0,0,0,0
1715770867654,0,0,0,0
1715770867672,0,0,0,0
1715770867688,0,0,0,0
1715770867707,0,0,0,0
1715770867724,0,0,0,0
1715770867743,0,0,0,0
1715770867762,0,0,0,0
1715770867781,0,0,0,0
1715770867799,0,0,0,0
1715770867818,0,0,0,0
1715770867836,0,0,0,0
1715770867852,0,0,0,0
1715770867870,0,0,0,0
1715770867889,0,0,0,0
1715770867907,0,0,0,0
1715770867924,0,0,0,0
1715770867943,0,0,0,0
1715770867960,0,0,0,0
1715770867978,0,0,0,0
1715770867995,0,0,0,0
1715770868012,0,0,0,0
1715770868031,0,0,0,0
1715770868049,0,0,0,0
1715770868066,0,0,0,0
1715770868082,0,0,0,0
1715770868101,0,0,0,0
1715770868117,0,0,0,0
1715770868136,0,0,0,0
1715770868153,0,0,0,0
1715770868169,0,0,0,0
1715770868186,0,0,0,0
1715770868204,0,0,0,0
1715770868222,0,0,0,0
1715770868239,0,0,0,0
1715770868256,0,0,0,0
1715770868272,0,0,0,0
1715770868290,0,0,0,0
1715770868306,0,0,0,0
1715770868322,0,0,0,0
1715770868331,0,0,0,0
1715770868335,0,0,0,0
1715770868340,0,0,0,0
1715770868345,0,0,0,0
1715770868348,0,0,0,0
1715770868353,0,0,0,0
1715770868358,0,0,0,0
1715770868361,0,0,0,0
1715770868366,0,0,0,0
1715770868370,0,0,0,0
1715770868374,0,0,0,0
1715770868377,0,0,0,0
1715770868382,0,0,0,0
1715770868385,0,0,0,0
1715770868390,0,0,0,0
1715770868394,0,0,0,0
1715770868398,0,0,0,0
1715770868402,0,0,0,0
1715770868406,0,0,0,0
1715770868415,0,0,0,0
1715770868418,0,0,0,0
1715770868422,0,0,0,0
1715770868425,0,0,0,0
1715770868430,0,0,0,0
1715770868434,0,0,0,0
1715770868439,0,0,0,0
1715770868443,0,0,0,0
1715770868448,0,0,0,0
1715770868450,0,0,0,0
1715770868454,0,0,0,0
1715770868459,0,0,0,0
1715770868463,0,0,0,0
1715770868467,0,0,0,0
1715770868472,0,0,0,0
1715770868476,0,0,0,0
1715770868479,0,0,0,0
1715770868484,0,0,0,0
1715770868488,0,0,0,0
1715770868492,0,0,0,0
1715770868495,0,0,0,0
1715770868498,0,0,0,0
1715770868503,0,0,0,0
1715770868507,0,0,0,0
1715770868512,0,0,0,0
1715770868516,0,0,0,0
1715770868520,0,0,0,0
1715770868523,0,0,0,0
1715770868527,0,0,0,0
1715770868532,0,0,0,0
1715770868537,0,0,0,0
1715770868541,0,0,0,0
1715770868547,0,0,0,0
1715770868552,0,0,0,0
1715770868554,0,0,0,0
1715770868558,0,0,0,0
1715770868563,0,0,0,0
1715770868569,0,0,0,0
1715770868573,0,0,0,0
1715770868577,0,0,0,0
1715770868582,0,0,0,0
1715770868585,0,0,0,0
1715770868590,0,0,0,0
1715770868596,0,0,0,0
1715770868613,0,0,0,0
1715770868629,0,0,0,0
1715770868647,0,0,0,0
1715770868662,0,0,0,0
1715770868679,0,0,0,0
1715770868699,0,0,0,0
1715770868717,0,0,0,0
1715770868736,0,0,0,0
1715770868756,0,0,0,0
1715770868772,0,0,0,0
1715770868790,0,0,0,0
1715770868808,0,0,0,0
1715770868823,0,0,0,0
1715770868843,0,0,0,0
1715770868862,0,0,0,0
1715770868882,0,0,0,0
1715770868898,0,0,0,0
1715770868909,0,0,0,0
1715770868928,0,0,0,0
1715770868947,0,0,0,0
1715770868964,0,0,0,0
1715770868980,0,0,0,0
1715770868992,0,0,0,0
1715770869011,0,0,0,0
1715770869029,0,0,0,0
1715770869048,0,0,0,0
1715770869065,0,0,0,0
1715770869083,0,0,0,0
1715770869103,0,0,0,0
1715770869120,0,0,0,0
1715770869140,0,0,0,0
1715770869157,0,0,0,0
1715770869176,0,0,0,0
1715770869196,0,0,0,0
1715770869214,0,0,0,0
1715770869232,0,0,0,0
1715770869251,0,0,0,0
1715770869271,0,0,0,0
1715770869289,0,0,0,0
1715770869307,0,0,0,0
1715770869327,0,0,0,0
1715770869345,0,0,0,0
1715770869362,0,0,0,0
1715770869382,0,0,0,0
1715770869400,0,0,0,0
1715770869419,0,0,0,0
1715770869437,0,0,0,0
1715770869447,0,0,0,0
1715770869452,0,0,0,0
1715770869455,0,0,0,0
1715770869459,0,0,0,0
1715770869463,0,0,0,0
1715770869468,0,0,0,0
1715770869472,0,0,0,0
1715770869478,0,0,0,0
1715770869496,0,0,0,0
1715770869516,0,0,0,0
1715770869531,0,0,0,0
1715770869541,0,0,0,0
1715770869546,0,0,0,0
1715770869549,0,0,0,0
1715770869554,0,0,0,0
1715770869557,0,0,0,0
1715770869561,0,0,0,0
1715770869566,0,0,0,0
1715770869572,0,0,0,0
1715770869577,0,0,0,0
1715770869581,0,0,0,0
1715770869584,0,0,0,0
1715770869589,0,0,0,0
1715770869593,0,0,0,0
1715770869599,0,0,0,0
1715770869603,0,0,0,0
1715770869608,0,0,0,0
1715770869612,0,0,0,0
1715770869616,0,0,0,0
1715770869619,0,0,0,0
1715770869623,0,0,0,0
1715770869627,0,0,0,0
1715770869632,0,0,0,0
1715770869637,0,0,0,0
1715770869643,0,0,0,0
1715770869648,0,0,0,0
1715770869652,0,0,0,0
1715770869656,0,0,0,0
1715770869660,0,0,0,0
1715770869663,0,0,0,0
1715770869668,0,0,0,0
1715770869673,0,0,0,0
1715770869678,0,0,0,0
1715770869681,0,0,0,0
1715770869685,0,0,0,0
1715770869690,0,0,0,0
1715770869693,0,0,0,0
1715770869698,0,0,0,0
1715770869701,0,0,0,0
1715770869706,0,0,0,0
1715770869710,0,0,0,0
1715770869715,0,0,0,0
1715770869720,0,0,0,0
1715770869723,0,0,0,0
1715770869729,0,0,0,0
1715770869733,0,0,0,0
1715770869740,0,0,0,0
1715770869760,0,0,0,0
1715770869779,0,0,0,0
1715770869796,0,0,0,0
1715770869815,0,0,0,0
1715770869834,0,0,0,0
1715770869856,0,0,0,0
1715770869876,0,0,0,0
1715770869893,0,0,0,0
1715770869912,0,0,0,0
1715770869929,0,0,0,0
1715770869951,0,0,0,0
1715770869970,0,0,0,0
1715770869988,0,0,0,0
1715770870008,0,0,0,0
1715770870026,0,0,0,0
1715770870046,0,0,0,0
1715770870063,0,0,0,0
1715770870073,0,0,0,0
1715770870078,0,0,0,0
1715770870084,0,0,0,0
1715770870089,0,0,0,0
1715770870093,0,0,0,0
1715770870098,0,0,0,0
1715770870103,0,0,0,0
1715770870107,0,0,0,0
1715770870112,0,0,0,0
1715770870116,0,0,0,0
1715770870119,0,0,0,0
1715770870124,0,0,0,0
1715770870131,0,0,0,0
1715770870152,0,0,0,0
1715770870171,0,0,0,0
1715770870190,0,0,0,0
1715770870208,0,0,0,0
1715770870226,0,0,0,0
1715770870246,0,0,0,0
1715770870264,0,0,0,0
1715770870284,0,0,0,0
1715770870302,0,0,0,0
1715770870320,0,0,0,0
1715770870338,0,0,0,0
1715770870357,0,0,0,0
1715770870377,0,0,0,0
1715770870396,0,0,0,0
1715770870415,0,0,0,0
1715770870434,0,0,0,0
1715770870453,0,0,0,0
1715770870474,0,0,0,0
1715770870492,0,0,0,0
1715770870511,0,0,0,0
1715770870529,0,0,0,0
1715770870550,0,0,0,0
1715770870571,0,0,0,0
1715770870588,0,0,0,0
1715770870599,0,0,0,0
1715770870603,0,0,0,0
1715770870609,0,0,0,0
1715770870613,0,0,0,0
1715770870617,0,0,0,0
1715770870621,0,0,0,0
1715770870627,0,0,0,0
1715770870632,0,0,0,0
1715770870637,0,0,0,0
1715770870642,0,0,0,0
1715770870644,0,0,0,0
1715770870649,0,0,0,0
1715770870653,0,0,0,0
1715770870657,0,0,0,0
1715770870661,0,0,0,0
1715770870666,0,0,0,0
1715770870671,0,0,0,0
1715770870676,0,0,0,0
1715770870682,0,0,0,0
1715770870686,0,0,0,0
1715770870690,0,0,0,0
1715770870695,0,0,0,0
1715770870699,0,0,0,0
1715770870703,0,0,0,0
1715770870708,0,0,0,0
1715770870713,0,0,0,0
1715770870717,0,0,0,0
1715770870722,0,0,0,0
1715770870726,0,0,0,0
1715770870731,0,0,0,0
1715770870737,0,0,0,0
1715770870741,0,0,0,0
1715770870746,0,0,0,0
1715770870750,0,0,0,0
1715770870755,0,0,0,0
1715770870759,0,0,0,0
1715770870764,0,0,0,0
1715770870770,0,0,0,0
1715770870777,0,0,0,0
1715770870796,0,0,0,0
1715770870815,0,0,0,0
1715770870832,0,0,0,0
1715770870854,0,0,0,0
1715770870875,0,0,0,0
1715770870891,0,0,0,0
1715770870903,0,0,0,0
1715770870923,0,0,0,0
1715770870942,0,0,0,0
1715770870961,0,0,0,0
1715770870980,0,0,0,0
1715770870998,0,0,0,0
1715770871015,0,0,0,0
1715770871033,0,0,0,0
1715770871050,0,0,0,0
1715770871059,0,0,0,0
1715770871063,0,0,0,0
1715770871068,0,0,0,0
1715770871073,0,0,0,0
1715770871077,0,0,0,0
1715770871081,0,0,0,0
1715770871085,0,0,0,0
1715770871089,0,0,0,0
1715770871093,0,0,0,0
1715770871099,0,0,0,0
1715770871103,0,0,0,0
1715770871108,0,0,0,0
1715770871112,0,0,0,0
1715770871116,0,0,0,0
1715770871120,0,0,0,0
1715770871124,0,0,0,0
1715770871129,0,0,0,0
1715770871132,0,0,0,0
1715770871136,0,0,0,0
1715770871140,0,0,0,0
1715770871144,0,0,0,0
1715770871149,0,0,0,0
1715770871153,0,0,0,0
1715770871157,0,0,0,0
1715770871162,0,0,0,0
1715770871166,0,0,0,0
1715770871172,0,0,0,0
1715770871177,0,0,0,0
1715770871180,0,0,0,0
1715770871185,0,0,0,0
1715770871188,0,0,0,0
1715770871192,0,0,0,0
1715770871197,0,0,0,0
1715770871201,0,0,0,0
1715770871205,0,0,0,0
1715770871210,0,0,0,0
1715770871214,0,0,0,0
1715770871218,0,0,0,0
1715770871222,0,0,0,0
1715770871226,0,0,0,0
1715770871230,0,0,0,0
1715770871233,0,0,0,0
1715770871239,0,0,0,0
1715770871243,0,0,0,0
1715770871249,0,0,0,0
1715770871271,0,0,0,0
1715770871291,0,0,0,0
1715770871313,0,0,0,0
1715770871330,0,0,0,0
1715770871350,0,0,0,0
1715770871368,0,0,0,0
1715770871388,0,0,0,0
1715770871407,0,0,0,0
1715770871426,0,0,0,0
1715770871444,0,0,0,0
1715770871461,0,0,0,0
1715770871479,0,0,0,0
1715770871496,0,0,0,0
1715770871514,0,0,0,0
1715770871530,0,0,0,0
1715770871549,0,0,0,0
1715770871567,0,0,0,0
1715770871585,0,0,0,0
1715770871602,0,0,0,0
1715770871611,0,0,0,0
1715770871615,0,0,0,0
1715770871620,0,0,0,0
1715770871639,0,0,0,0
1715770871656,0,0,0,0
1715770871663,0,0,0,0
1715770871668,0,0,0,0
1715770871672,0,0,0,0
1715770871675,0,0,0,0
1715770871680,0,0,0,0
1715770871684,0,0,0,0
1715770871688,0,0,0,0
1715770871691,0,0,0,0
1715770871695,0,0,0,0
1715770871699,0,0,0,0
1715770871703,0,0,0,0
1715770871707,0,0,0,0
1715770871711,0,0,0,0
1715770871716,0,0,0,0
1715770871723,0,0,0,0
1715770871726,0,0,0,0
1715770871730,0,0,0,0
1715770871733,0,0,0,0
1715770871738,0,0,0,0
1715770871740,0,0,0,0
1715770871744,0,0,0,0
1715770871748,0,0,0,0
1715770871752,0,0,0,0
1715770871756,0,0,0,0
1715770871759,0,0,0,0
1715770871764,0,0,0,0
1715770871767,0,0,0,0
1715770871772,0,0,0,0
1715770871775,0,0,0,0
1715770871779,0,0,0,0
1715770871782,0,0,0,0
1715770871787,0,0,0,0
1715770871792,0,0,0,0
1715770871811,0,0,0,0
1715770871828,0,0,0,0
1715770871846,0,0,0,0
1715770871863,0,0,0,0
1715770871882,0,0,0,0
1715770871899,0,0,0,0
1715770871917,0,0,0,0
1715770871934,0,0,0,0
1715770871952,0,0,0,0
1715770871971,0,0,0,0
1715770871990,0,0,0,0
1715770872007,0,0,0,0
1715770872025,0,0,0,0
1715770872043,0,0,0,0
1715770872059,0,0,0,0
1715770872077,0,0,0,0
1715770872092,0,0,0,0
1715770872101,0,0,0,0
1715770872104,0,0,0,0
1715770872109,0,0,0,0
1715770872112,0,0,0,0
1715770872116,0,0,0,0
1715770872120,0,0,0,0
1715770872126,0,0,0,0
1715770872130,0,0,0,0
1715770872135,0,0,0,0
1715770872139,0,0,0,0
1715770872143,0,0,0,0
1715770872165,0,0,0,0
1715770872183,0,0,0,0
1715770872202,0,0,0,0
1715770872219,0,0,0,0
1715770872240,0,0,0,0
1715770872259,0,0,0,0
1715770872279,0,0,0,0
1715770872297,0,0,0,0
1715770872314,0,0,0,0
1715770872332,0,0,0,0
1715770872350,0,0,0,0
1715770872368,0,0,0,0
1715770872387,0,0,0,0
1715770872404,0,0,0,0
1715770872421,0,0,0,0
1715770872427,0,0,0,0
1715770872431,0,0,0,0
1715770872435,0,0,0,0
1715770872440,0,0,0,0
1715770872444,0,0,0,0
1715770872449,0,0,0,0
1715770872452,0,0,0,0
1715770872456,0,0,0,0
1715770872459,0,0,0,0
1715770872463,0,0,0,0
1715770872468,0,0,0,0
1715770872473,0,0,0,0
1715770872477,0,0,0,0
1715770872481,0,0,0,0
1715770872485,0,0,0,0
1715770872490,0,0,0,0
1715770872493,0,0,0,0
1715770872496,0,0,0,0
1715770872501,0,0,0,0
1715770872505,0,0,0,0
1715770872509,0,0,0,0
1715770872514,0,0,0,0
1715770872533,0,0,0,0
1715770872541,0,0,0,0
1715770872545,0,0,0,0
1715770872551,0,0,0,0
1715770872554,0,0,0,0
1715770872558,0,0,0,0
1715770872562,0,0,0,0
1715770872566,0,0,0,0
1715770872570,0,0,0,0
1715770872576,0,0,0,0
1715770872580,0,0,0,0
1715770872584,0,0,0,0
1715770872589,0,0,0,0
1715770872592,0,0,0,0
1715770872596,0,0,0,0
1715770872601,0,0,0,0
1715770872606,0,0,0,0
1715770872610,0,0,0,0
1715770872613,0,0,0,0
1715770872618,0,0,0,0
1715770872622,0,0,0,0
1715770872626,0,0,0,0
1715770872630,0,0,0,0
1715770872635,0,0,0,0
1715770872638,0,0,0,0
1715770872644,0,0,0,0
1715770872648,0,0,0,0
1715770872652,0,0,0,0
1715770872657,0,0,0,0
1715770872660,0,0,0,0
1715770872664,0,0,0,0
1715770872669,0,0,0,0
1715770872674,0,0,0,0
1715770872696,0,0,0,0
1715770872705,0,0,0,0
1715770872710,0,0,0,0
1715770872713,0,0,0,0
1715770872718,0,0,0,0
1715770872722,0,0,0,0
1715770872727,0,0,0,0
1715770872731,0,0,0,0
1715770872735,0,0,0,0
1715770872741,0,0,0,0
1715770872745,0,0,0,0
1715770872748,0,0,0,0
1715770872753,0,0,0,0
1715770872756,0,0,0,0
1715770872760,0,0,0,0
1715770872764,0,0,0,0
1715770872769,0,0,0,0
1715770872773,0,0,0,0
1715770872777,0,0,0,0
1715770872783,0,0,0,0
1715770872789,0,0,0,0
1715770872792,0,0,0,0
1715770872797,0,0,0,0
1715770872800,0,0,0,0
1715770872806,0,0,0,0
1715770872811,0,0,0,0
1715770872817,0,0,0,0
1715770872835,0,0,0,0
1715770872846,0,0,0,0
1715770872862,0,0,0,0
1715770872871,0,0,0,0
1715770872877,0,0,0,0
1715770872894,0,0,0,0
1715770872905,0,0,0,0
1715770872919,0,0,0,0
1715770872931,0,0,0,0
1715770872949,0,0,0,0
1715770872967,0,0,0,0
1715770872986,0,0,0,0
1715770873006,0,0,0,0
1715770873023,0,0,0,0
1715770873034,0,0,0,0
1715770873038,0,0,0,0
1715770873042,0,0,0,0
1715770873048,0,0,0,0
1715770873054,0,0,0,0
1715770873061,0,0,0,0
1715770873082,0,0,0,0
1715770873101,0,0,0,0
1715770873122,0,0,0,0
1715770873141,0,0,0,0
1715770873166,0,0,0,0
1715770873184,0,0,0,0
1715770873204,0,0,0,0
1715770873225,0,0,0,0
1715770873245,0,0,0,0
1715770873256,0,0,0,0
1715770873261,0,0,0,0
1715770873266,0,0,0,0
1715770873270,0,0,0,0
1715770873274,0,0,0,0
1715770873279,0,0,0,0
1715770873286,0,0,0,0
1715770873306,0,0,0,0
1715770873315,0,0,0,0
1715770873319,0,0,0,0
1715770873323,0,0,0,0
1715770873327,0,0,0,0
1715770873331,0,0,0,0
1715770873338,0,0,0,0
1715770873362,0,0,0,0
1715770873382,0,0,0,0
1715770873400,0,0,0,0
1715770873419,0,0,0,0
1715770873440,0,0,0,0
1715770873459,0,0,0,0
1715770873479,0,0,0,0
1715770873498,0,0,0,0
1715770873517,0,0,0,0
1715770873538,0,0,0,0
1715770873557,0,0,0,0
1715770873576,0,0,0,0
1715770873594,0,0,0,0
1715770873604,0,0,0,0
1715770873609,0,0,0,0
1715770873613,0,0,0,0
1715770873617,0,0,0,0
1715770873622,0,0,0,0
1715770873625,0,0,0,0
1715770873630,0,0,0,0
1715770873634,0,0,0,0
1715770873639,0,0,0,0
1715770873644,0,0,0,0
1715770873648,0,0,0,0
1715770873652,0,0,0,0
1715770873656,0,0,0,0
1715770873660,0,0,0,0
1715770873664,0,0,0,0
1715770873670,0,0,0,0
1715770873674,0,0,0,0
1715770873679,0,0,0,0
1715770873683,0,0,0,0
1715770873688,0,0,0,0
1715770873692,0,0,0,0
1715770873697,0,0,0,0
1715770873701,0,0,0,0
1715770873706,0,0,0,0
1715770873711,0,0,0,0
1715770873715,0,0,0,0
1715770873719,0,0,0,0
1715770873724,0,0,0,0
1715770873728,0,0,0,0
1715770873733,0,0,0,0
1715770873738,0,0,0,0
1715770873742,0,0,0,0
1715770873747,0,0,0,0
1715770873751,0,0,0,0
1715770873755,0,0,0,0
1715770873758,0,0,0,0
1715770873763,0,0,0,0
1715770873767,0,0,0,0
1715770873773,0,0,0,0
1715770873776,0,0,0,0
1715770873780,0,0,0,0
1715770873784,0,0,0,0
1715770873788,0,0,0,0
1715770873792,0,0,0,0
1715770873797,0,0,0,0
1715770873803,0,0,0,0
1715770873808,0,0,0,0
1715770873812,0,0,0,0
1715770873816,0,0,0,0
1715770873819,0,0,0,0
1715770873823,0,0,0,0
1715770873827,0,0,0,0
1715770873832,0,0,0,0
1715770873838,0,0,0,0
1715770873842,0,0,0,0
1715770873847,0,0,0,0
1715770873851,0,0,0,0
1715770873855,0,0,0,0
1715770873860,0,0,0,0
1715770873865,0,0,0,0
1715770873870,0,0,0,0
1715770873874,0,0,0,0
1715770873879,0,0,0,0
1715770873884,0,0,0,0
1715770873889,0,0,0,0
1715770873893,0,0,0,0
1715770873896,0,0,0,0
1715770873901,0,0,0,0
1715770873905,0,0,0,0
1715770873911,0,0,0,0
1715770873916,0,0,0,0
1715770873921,0,0,0,0
1715770873924,0,0,0,0
1715770873929,0,0,0,0
1715770873933,0,0,0,0
1715770873937,0,0,0,0
1715770873941,0,0,0,0
1715770873946,0,0,0,0
1715770873950,0,0,0,0
1715770873955,0,0,0,0
1715770873959,0,0,0,0
1715770873962,0,0,0,0
1715770873966,0,0,0,0
1715770873971,0,0,0,0
1715770873975,0,0,0,0
1715770873980,0,0,0,0
1715770873983,0,0,0,0
1715770873988,0,0,0,0
1715770873993,0,0,0,0
1715770873997,0,0,0,0
1715770874002,0,0,0,0
1715770874009,0,0,0,0
1715770874013,0,0,0,0
1715770874016,0,0,0,0
1715770874021,0,0,0,0
1715770874026,0,0,0,0
1715770874030,0,0,0,0
1715770874034,0,0,0,0
1715770874038,0,0,0,0
1715770874042,0,0,0,0
1715770874046,0,0,0,0
1715770874051,0,0,0,0
1715770874055,0,0,0,0
1715770874059,0,0,0,0
1715770874063,0,0,0,0
1715770874069,0,0,0,0
1715770874073,0,0,0,0
1715770874078,0,0,0,0
1715770874083,0,0,0,0
1715770874086,0,0,0,0
1715770874091,0,0,0,0
1715770874095,0,0,0,0
1715770874099,0,0,0,0
1715770874104,0,0,0,0
1715770874109,0,0,0,0
1715770874115,0,0,0,0
1715770874119,0,0,0,0
1715770874124,0,0,0,0
1715770874129,0,0,0,0
1715770874135,0,0,0,0
1715770874139,0,0,0,0
1715770874145,0,0,0,0
1715770874151,0,0,0,0
1715770874154,0,0,0,0
1715770874159,0,0,0,0
1715770874163,0,0,0,0
1715770874168,0,0,0,0
1715770874172,0,0,0,0
1715770874176,0,0,0,0
1715770874182,0,0,0,0
1715770874186,0,0,0,0
1715770874192,0,0,0,0
1715770874196,0,0,0,0
1715770874200,0,0,0,0
1715770874205,0,0,0,0
1715770874213,0,0,0,0
1715770874218,0,0,0,0
1715770874222,0,0,0,0
1715770874229,0,0,0,0
1715770874234,0,0,0,0
1715770874239,0,0,0,0
1715770874243,0,0,0,0
1715770874248,0,0,0,0
1715770874253,0,0,0,0
1715770874257,0,0,0,0
1715770874262,0,0,0,0
1715770874266,0,0,0,0
1715770874273,0,0,0,0
1715770874279,0,0,0,0
1715770874284,0,0,0,0
1715770874288,0,0,0,0
1715770874292,0,0,0,0
1715770874296,0,0,0,0
1715770874300,0,0,0,0
1715770874305,0,0,0,0
1715770874310,0,0,0,0
1715770874314,0,0,0,0
1715770874318,0,0,0,0
1715770874323,0,0,0,0
1715770874326,0,0,0,0
1715770874332,0,0,0,0
1715770874336,0,0,0,0
1715770874341,0,0,0,0
1715770874346,0,0,0,0
1715770874350,0,0,0,0
1715770874355,0,0,0,0
1715770874359,0,0,0,0
1715770874364,0,0,0,0
1715770874369,0,0,0,0
1715770874373,0,0,0,0
1715770874378,0,0,0,0
1715770874381,0,0,0,0
1715770874386,0,0,0,0
1715770874390,0,0,0,0
1715770874394,0,0,0,0
1715770874399,0,0,0,0
1715770874402,0,0,0,0
1715770874407,0,0,0,0
1715770874414,0,0,0,0
1715770874419,0,0,0,0
1715770874422,0,0,0,0
1715770874427,0,0,0,0
1715770874432,0,0,0,0
1715770874436,0,0,0,0
1715770874440,0,0,0,0
1715770874444,0,0,0,0
1715770874450,0,0,0,0
1715770874454,0,0,0,0
1715770874458,0,0,0,0
1715770874461,0,0,0,0
1715770874465,0,0,0,0
1715770874470,0,0,0,0
1715770874474,0,0,0,0
1715770874477,0,0,0,0
1715770874481,0,0,0,0
1715770874484,0,0,0,0
1715770874489,0,0,0,0
1715770874493,0,0,0,0
1715770874497,0,0,0,0
1715770874503,0,0,0,0
1715770874507,0,0,0,0
1715770874512,0,0,0,0
1715770874516,0,0,0,0
1715770874520,0,0,0,0
1715770874524,0,0,0,0
1715770874529,0,0,0,0
1715770874534,0,0,0,0
1715770874540,0,0,0,0
1715770874545,0,0,0,0
1715770874550,0,0,0,0
1715770874554,0,0,0,0
1715770874560,0,0,0,0
1715770874563,0,0,0,0
1715770874569,0,0,0,0
1715770874573,0,0,0,0
1715770874578,0,0,0,0
1715770874583,0,0,0,0
1715770874588,0,0,0,0
1715770874594,0,0,0,0
1715770874599,0,0,0,0
1715770874604,0,0,0,0
1715770874609,0,0,0,0
1715770874616,0,0,0,0
1715770874620,0,0,0,0
1715770874623,0,0,0,0
1715770874627,0,0,0,0
1715770874631,0,0,0,0
1715770874636,0,0,0,0
1715770874641,0,0,0,0
1715770874646,0,0,0,0
1715770874651,0,0,0,0
1715770874655,0,0,0,0
1715770874660,0,0,0,0
1715770874664,0,0,0,0
1715770874668,0,0,0,0
1715770874674,0,0,0,0
1715770874677,0,0,0,0
1715770874682,0,0,0,0
1715770874686,0,0,0,0
1715770874690,0,0,0,0
1715770874695,0,0,0,0
1715770874698,0,0,0,0
1715770874703,0,0,0,0
1715770874708,0,0,0,0
1715770874712,0,0,0,0
1715770874717,0,0,0,0
1715770874722,0,0,0,0
1715770874727,0,0,0,0
1715770874732,0,0,0,0
1715770874736,0,0,0,0
1715770874742,0,0,0,0
1715770874746,0,0,0,0
1715770874752,0,0,0,0
1715770874757,0,0,0,0
1715770874760,0,0,0,0
1715770874764,0,0,0,0
1715770874770,0,0,0,0
1715770874774,0,0,0,0
1715770874779,0,0,0,0
1715770874783,0,0,0,0
1715770874787,0,0,0,0
1715770874792,0,0,0,0
1715770874796,0,0,0,0
1715770874802,0,0,0,0
1715770874807,0,0,0,0
1715770874811,0,0,0,0
1715770874818,0,0,0,0
1715770874822,0,0,0,0
1715770874826,0,0,0,0
1715770874832,0,0,0,0
1715770874834,0,0,0,0
1715770874839,0,0,0,0
1715770874844,0,0,0,0
1715770874848,0,0,0,0
1715770874851,0,0,0,0
1715770874855,0,0,0,0
1715770874859,0,0,0,0
1715770874863,0,0,0,0
1715770874868,0,0,0,0
1715770874873,0,0,0,0
1715770874878,0,0,0,0
1715770874882,0,0,0,0
1715770874886,0,0,0,0
1715770874890,0,0,0,0
1715770874894,0,0,0,0
1715770874897,0,0,0,0
1715770874901,0,0,0,0
1715770874905,0,0,0,0
1715770874910,0,0,0,0
1715770874915,0,0,0,0
1715770874919,0,0,0,0
1715770874924,0,0,0,0
1715770874929,0,0,0,0
1715770874933,0,0,0,0
1715770874937,0,0,0,0
1715770874942,0,0,0,0
1715770874947,0,0,0,0
1715770874950,0,0,0,0
1715770874957,0,0,0,0
1715770874962,0,0,0,0
1715770874966,0,0,0,0
1715770874970,0,0,0,0
1715770874974,0,0,0,0
1715770874979,0,0,0,0
1715770874982,0,0,0,0
1715770874986,0,0,0,0
1715770874990,0,0,0,0
1715770874994,0,0,0,0
1715770875000,0,0,0,0
1715770875004,0,0,0,0
1715770875009,0,0,0,0
1715770875014,0,0,0,0
1715770875024,0,0,0,0
1715770875031,0,0,0,0
1715770875038,0,0,0,0
1715770875043,0,0,0,0
1715770875048,0,0,0,0
1715770875053,0,0,0,0
1715770875056,0,0,0,0
1715770875061,0,0,0,0
1715770875066,0,0,0,0
1715770875071,0,0,0,0
1715770875076,0,0,0,0
1715770875079,0,0,0,0
1715770875082,0,0,0,0
1715770875088,0,0,0,0
1715770875094,0,0,0,0
1715770875099,0,0,0,0
1715770875102,0,0,0,0
1715770875107,0,0,0,0
1715770875110,0,0,0,0
1715770875114,0,0,0,0
1715770875117,0,0,0,0
1715770875121,0,0,0,0
1715770875125,0,0,0,0
1715770875129,0,0,0,0
1715770875133,0,0,0,0
1715770875137,0,0,0,0
1715770875140,0,0,0,0
1715770875143,0,0,0,0
1715770875148,0,0,0,0
1715770875152,0,0,0,0
1715770875156,0,0,0,0
1715770875161,0,0,0,0
1715770875165,0,0,0,0
1715770875169,0,0,0,0
1715770875173,0,0,0,0
1715770875177,0,0,0,0
1715770875181,0,0,0,0
1715770875184,0,0,0,0
1715770875189,0,0,0,0
1715770875193,0,0,0,0
1715770875197,0,0,0,0
1715770875202,0,0,0,0
1715770875206,0,0,0,0
1715770875209,0,0,0,0
1715770875214,0,0,0,0
1715770875221,0,0,0,0
1715770875224,0,0,0,0
1715770875228,0,0,0,0
1715770875232,0,0,0,0
1715770875236,0,0,0,0
1715770875239,0,0,0,0
1715770875243,0,0,0,0
1715770875246,0,0,0,0
1715770875250,0,0,0,0
1715770875253,0,0,0,0
1715770875258,0,0,0,0
1715770875261,0,0,0,0
1715770875266,0,0,0,0
1715770875270,0,0,0,0
1715770875274,0,0,0,0
1715770875279,0,0,0,0
1715770875282,0,0,0,0
1715770875286,0,0,0,0
1715770875290,0,0,0,0
1715770875294,0,0,0,0
1715770875299,0,0,0,0
1715770875303,0,0,0,0
1715770875308,0,0,0,0
1715770875312,0,0,0,0
1715770875316,0,0,0,0
1715770875319,0,0,0,0
1715770875323,0,0,0,0
1715770875328,0,0,0,0
1715770875331,0,0,0,0
1715770875336,0,0,0,0
1715770875339,0,0,0,0
1715770875344,0,0,0,0
1715770875348,0,0,0,0
1715770875352,0,0,0,0
1715770875356,0,0,0,0
1715770875359,0,0,0,0
1715770875364,0,0,0,0
1715770875368,0,0,0,0
1715770875373,0,0,0,0
1715770875378,0,0,0,0
1715770875382,0,0,0,0
1715770875385,0,0,0,0
1715770875389,0,0,0,0
1715770875394,0,0,0,0
1715770875398,0,0,0,0
1715770875402,0,0,0,0
1715770875406,0,0,0,0
1715770875409,0,0,0,0
1715770875414,0,0,0,0
1715770875418,0,0,0,0
1715770875424,0,0,0,0
1715770875429,0,0,0,0
1715770875432,0,0,0,0
1715770875437,0,0,0,0
1715770875441,0,0,0,0
1715770875445,0,0,0,0
1715770875448,0,0,0,0
1715770875452,0,0,0,0
1715770875456,0,0,0,0
1715770875460,0,0,0,0
1715770875463,0,0,0,0
1715770875467,0,0,0,0
1715770875471,0,0,0,0
1715770875475,0,0,0,0
1715770875479,0,0,0,0
1715770875483,0,0,0,0
1715770875487,0,0,0,0
1715770875491,0,0,0,0
1715770875495,0,0,0,0
1715770875498,0,0,0,0
1715770875503,0,0,0,0
1715770875507,0,0,0,0
1715770875511,0,0,0,0
1715770875514,0,0,0,0
1715770875517,0,0,0,0
1715770875521,0,0,0,0
1715770875524,0,0,0,0
1715770875529,0,0,0,0
1715770875532,0,0,0,0
1715770875536,0,0,0,0
1715770875540,0,0,0,0
1715770875544,0,0,0,0
1715770875549,0,0,0,0
1715770875553,0,0,0,0
1715770875557,0,0,0,0
1715770875560,0,0,0,0
1715770875564,0,0,0,0
1715770875569,0,0,0,0
1715770875573,0,0,0,0
1715770875577,0,0,0,0
1715770875581,0,0,0,0
1715770875585,0,0,0,0
1715770875589,0,0,0,0
1715770875593,0,0,0,0
1715770875597,0,0,0,0
1715770875601,0,0,0,0
1715770875605,0,0,0,0
1715770875610,0,0,0,0
1715770875614,0,0,0,0
1715770875618,0,0,0,0
1715770875624,0,0,0,0
1715770875628,0,0,0,0
1715770875633,0,0,0,0
1715770875636,0,0,0,0
1715770875640,0,0,0,0
1715770875644,0,0,0,0
1715770875649,0,0,0,0
1715770875653,0,0,0,0
1715770875658,0,0,0,0
1715770875663,0,0,0,0
1715770875666,0,0,0,0
1715770875670,0,0,0,0
1715770875675,0,0,0,0
1715770875679,0,0,0,0
1715770875683,0,0,0,0
1715770875688,0,0,0,0
1715770875692,0,0,0,0
1715770875696,0,0,0,0
1715770875700,0,0,0,0
1715770875704,0,0,0,0
1715770875708,0,0,0,0
1715770875711,0,0,0,0
1715770875714,0,0,0,0
1715770875720,0,0,0,0
1715770875724,0,0,0,0
1715770875728,0,0,0,0
1715770875732,0,0,0,0
1715770875736,0,0,0,0
1715770875740,0,0,0,0
1715770875744,0,0,0,0
1715770875748,0,0,0,0
1715770875752,0,0,0,0
1715770875757,0,0,0,0
1715770875762,0,0,0,0
1715770875766,0,0,0,0
1715770875770,0,0,0,0
1715770875773,0,0,0,0
1715770875778,0,0,0,0
1715770875783,0,0,0,0
1715770875786,0,0,0,0
1715770875791,0,0,0,0
1715770875794,0,0,0,0
1715770875800,0,0,0,0
1715770875806,0,0,0,0
1715770875811,0,0,0,0
1715770875815,0,0,0,0
1715770875820,0,0,0,0
1715770875827,0,0,0,0
1715770875831,0,0,0,0
1715770875836,0,0,0,0
1715770875841,0,0,0,0
1715770875845,0,0,0,0
1715770875848,0,0,0,0
1715770875853,0,0,0,0
1715770875857,0,0,0,0
1715770875861,0,0,0,0
1715770875866,0,0,0,0
1715770875870,0,0,0,0
1715770875875,0,0,0,0
1715770875878,0,0,0,0
1715770875883,0,0,0,0
1715770875886,0,0,0,0
1715770875891,0,0,0,0
1715770875895,0,0,0,0
1715770875899,0,0,0,0
1715770875902,0,0,0,0
1715770875907,0,0,0,0
1715770875911,0,0,0,0
1715770875916,0,0,0,0
1715770875920,0,0,0,0
1715770875923,0,0,0,0
1715770875929,0,0,0,0
1715770875932,0,0,0,0
1715770875937,0,0,0,0
1715770875940,0,0,0,0
1715770875944,0,0,0,0
1715770875949,0,0,0,0
1715770875953,0,0,0,0
1715770875956,0,0,0,0
1715770875961,0,0,0,0
1715770875965,0,0,0,0
1715770875970,0,0,0,0
1715770875973,0,0,0,0
1715770875978,0,0,0,0
1715770875981,0,0,0,0
1715770875985,0,0,0,0
1715770875990,0,0,0,0
1715770875994,0,0,0,0
1715770875998,0,0,0,0
1715770876003,0,0,0,0
1715770876008,0,0,0,0
1715770876012,0,0,0,0
1715770876016,0,0,0,0
1715770876020,0,0,0,0
1715770876025,0,0,0,0
1715770876030,0,0,0,0
1715770876036,0,0,0,0
1715770876040,0,0,0,0
1715770876044,0,0,0,0
1715770876049,0,0,0,0
1715770876052,0,0,0,0
1715770876056,0,0,0,0
1715770876061,0,0,0,0
1715770876065,0,0,0,0
1715770876069,0,0,0,0
1715770876073,0,0,0,0
1715770876077,0,0,0,0
1715770876081,0,0,0,0
1715770876085,0,0,0,0
1715770876090,0,0,0,0
1715770876094,0,0,0,0
1715770876098,0,0,0,0
1715770876103,0,0,0,0
1715770876106,0,0,0,0
1715770876111,0,0,0,0
1715770876114,0,0,0,0
1715770876119,0,0,0,0
1715770876123,0,0,0,0
1715770876127,0,0,0,0
1715770876131,0,0,0,0
1715770876136,0,0,0,0
1715770876140,0,0,0,0
1715770876144,0,0,0,0
1715770876148,0,0,0,0
1715770876152,0,0,0,0
1715770876156,0,0,0,0
1715770876161,0,0,0,0
1715770876164,0,0,0,0
1715770876170,0,0,0,0
1715770876174,0,0,0,0
1715770876178,0,0,0,0
1715770876182,0,0,0,0
1715770876186,0,0,0,0
1715770876191,0,0,0,0
1715770876194,0,0,0,0
1715770876199,0,0,0,0
1715770876203,0,0,0,0
1715770876208,0,0,0,0
1715770876213,0,0,0,0
1715770876216,0,0,0,0
1715770876220,0,0,0,0
1715770876224,0,0,0,0
1715770876229,0,0,0,0
1715770876237,0,0,0,0
1715770876240,0,0,0,0
1715770876246,0,0,0,0
1715770876249,0,0,0,0
1715770876254,0,0,0,0
1715770876257,0,0,0,0
1715770876263,0,0,0,0
1715770876268,0,0,0,0
1715770876273,0,0,0,0
1715770876277,0,0,0,0
1715770876281,0,0,0,0
1715770876284,0,0,0,0
1715770876289,0,0,0,0
1715770876294,0,0,0,0
1715770876297,0,0,0,0
1715770876302,0,0,0,0
1715770876305,0,0,0,0
1715770876310,0,0,0,0
1715770876314,0,0,0,0
1715770876319,0,0,0,0
1715770876323,0,0,0,0
1715770876328,0,0,0,0
1715770876332,0,0,0,0
1715770876336,0,0,0,0
1715770876341,0,0,0,0
1715770876344,0,0,0,0
1715770876349,0,0,0,0
1715770876352,0,0,0,0
1715770876357,0,0,0,0
1715770876362,0,0,0,0
1715770876366,0,0,0,0
1715770876371,0,0,0,0
1715770876375,0,0,0,0
1715770876380,0,0,0,0
1715770876384,0,0,0,0
1715770876388,0,0,0,0
1715770876394,0,0,0,0
1715770876400,0,0,0,0
1715770876407,0,0,0,0
1715770876412,0,0,0,0
1715770876417,0,0,0,0
1715770876421,0,0,0,0
1715770876424,0,0,0,0
1715770876429,0,0,0,0
1715770876436,0,0,0,0
1715770876441,0,0,0,0
1715770876446,0,0,0,0
1715770876453,0,0,0,0
1715770876461,0,0,0,0
1715770876468,0,0,0,0
1715770876472,0,0,0,0
1715770876477,0,0,0,0
1715770876482,0,0,0,0
1715770876486,0,0,0,0
1715770876492,0,0,0,0
1715770876497,0,0,0,0
1715770876501,0,0,0,0
1715770876506,0,0,0,0
1715770876511,0,0,0,0
1715770876516,0,0,0,0
1715770876520,0,0,0,0
1715770876524,0,0,0,0
1715770876529,0,0,0,0
1715770876533,0,0,0,0
1715770876539,0,0,0,0
1715770876543,0,0,0,0
1715770876547,0,0,0,0
1715770876551,0,0,0,0
1715770876555,0,0,0,0
1715770876559,0,0,0,0
1715770876562,0,0,0,0
1715770876567,0,0,0,0
1715770876572,0,0,0,0
1715770876576,0,0,0,0
1715770876579,0,0,0,0
1715770876584,0,0,0,0
1715770876588,0,0,0,0
1715770876601,0,0,0,0
1715770876608,0,0,0,0
1715770876614,0,0,0,0
1715770876617,0,0,0,0
1715770876621,0,0,0,0
1715770876625,0,0,0,0
1715770876628,0,0,0,0
1715770876633,0,0,0,0
1715770876638,0,0,0,0
1715770876642,0,0,0,0
1715770876645,0,0,0,0
1715770876648,0,0,0,0
1715770876652,0,0,0,0
1715770876657,0,0,0,0
1715770876660,0,0,0,0
1715770876663,0,0,0,0
1715770876669,0,0,0,0
1715770876674,0,0,0,0
1715770876684,0,0,0,0
