1715249820730,1,1.602,0.912,0,0,0,1
1715249821580,1,1.602,0.912,0,0,0,1
1715249821661,1,1.602,0.912,0,0,0,1
1715249821676,1,1.602,0.912,0,0,0,1
1715249821693,1,1.602,0.912,0,0,0,1
1715249821707,1,1.602,0.912,0,0,0,1
1715249821723,1,1.602,0.912,0,0,0,1
1715249821736,1,1.602,0.912,0,0,0,1
1715249821751,1,1.602,0.912,0,0,0,1
1715249821768,1,1.602,0.912,0,0,0,1
1715249821785,1,1.602,0.912,0,0,0,1
1715249821800,1,1.602,0.912,0,0,0,1
1715249821813,1,1.602,0.912,0,0,0,1
1715249821827,1,1.602,0.912,0,0,0,1
1715249821839,1,1.602,0.912,0,0,0,1
1715249821856,1,1.602,0.912,0,0,0,1
1715249821868,1,1.602,0.912,0,0,0,1
1715249821879,1,1.602,0.912,0,0,0,1
1715249821891,1,1.602,0.912,0,0,0,1
1715249821903,1,1.602,0.912,0,0,0,1
1715249821914,1,1.602,0.912,0,0,0,1
1715249821927,1,1.602,0.912,0,0,0,1
1715249821938,1,1.602,0.912,0,0,0,1
1715249821952,1,1.602,0.912,0,0,0,1
1715249821967,1,1.602,0.912,0,0,0,1
1715249821986,1,1.602,0.912,0,0,0,1
1715249821999,1,1.602,0.912,0,0,0,1
1715249822013,1,1.602,0.912,0,0,0,1
1715249822025,1,1.602,0.912,0,0,0,1
1715249822035,1,1.602,0.912,0,0,0,1
1715249822053,1,1.602,0.912,0,0,0,1
1715249822071,1,1.602,0.912,0,0,0,1
1715249822085,1,1.602,0.912,0,0,0,1
1715249822099,1,1.602,0.912,0,0,0,1
1715249822113,1,1.602,0.912,0,0,0,1
1715249822125,1,1.602,0.912,0,0,0,1
1715249822138,1,1.602,0.912,0,0,0,1
1715249822153,1,1.602,0.912,0,0,0,1
1715249822165,1,1.602,0.912,0,0,0,1
1715249822177,1,1.602,0.912,0,0,0,1
1715249822189,1,1.602,0.912,0,0,0,1
1715249822200,1,1.602,0.912,0,0,0,1
1715249822211,1,1.602,0.912,0,0,0,1
1715249822224,1,1.602,0.912,0,0,0,1
1715249822236,1,1.602,0.912,0,0,0,1
1715249822248,1,1.602,0.912,0,0,0,1
1715249822259,1,1.602,0.912,0,0,0,1
1715249822271,1,1.602,0.912,0,0,0,1
1715249822283,1,1.602,0.912,0,0,0,1
1715249822295,1,1.602,0.912,0,0,0,1
1715249822307,1,1.602,0.912,0,0,0,1
1715249822320,1,1.602,0.912,0,0,0,1
1715249822334,1,1.602,0.912,0,0,0,1
1715249822349,1,1.602,0.912,0,0,0,1
1715249822364,1,1.602,0.912,0,0,0,1
1715249822375,1,1.602,0.912,0,0,0,1
1715249822389,1,1.602,0.912,0,0,0,1
1715249822403,1,1.602,0.912,0,0,0,1
1715249822418,1,1.602,0.912,0,0,0,1
1715249822433,1,1.602,0.912,0,0,0,1
1715249822449,1,1.602,0.912,0,0,0,1
1715249822462,1,1.602,0.912,0,0,0,1
1715249822473,1,1.602,0.912,0,0,0,1
1715249822487,1,1.602,0.912,0,0,0,1
1715249822502,1,1.602,0.912,0,0,0,1
1715249822517,1,1.602,0.912,0,0,0,1
1715249822531,1,1.602,0.912,0,0,0,1
1715249822546,1,1.602,0.912,0,0,0,1
1715249822558,1,1.602,0.912,0,0,0,1
1715249822571,1,1.602,0.912,0,0,0,1
1715249822583,1,1.602,0.912,0,0,0,1
1715249822596,1,1.602,0.912,0,0,0,1
1715249822609,1,1.602,0.912,0,0,0,1
1715249822621,1,1.602,0.912,0,0,0,1
1715249822633,1,1.602,0.912,0,0,0,1
1715249822645,1,1.602,0.912,0,0,0,1
1715249822657,1,1.602,0.912,0,0,0,1
1715249822668,1,1.602,0.912,0,0,0,1
1715249822680,1,1.602,0.912,0,0,0,1
1715249822691,1,1.602,0.912,0,0,0,1
1715249822704,1,1.602,0.912,0,0,0,1
1715249822716,1,1.602,0.912,0,0,0,1
1715249822728,1,1.602,0.912,0,0,0,1
1715249822741,1,1.602,0.912,0,0,0,1
1715249822753,1,1.602,0.912,0,0,0,1
1715249822764,1,1.602,0.912,0,0,0,1
1715249822776,1,1.602,0.912,0,0,0,1
1715249822791,1,1.602,0.912,0,0,0,1
1715249822813,1,1.602,0.912,0,0,0,1
1715249822828,1,1.602,0.912,0,0,0,1
1715249822843,1,1.602,0.912,0,0,0,1
1715249822858,1,1.602,0.912,0,0,0,1
1715249822873,1,1.602,0.912,0,0,0,1
1715249822886,1,1.602,0.912,0,0,0,1
1715249822898,1,1.602,0.912,0,0,0,1
1715249822911,1,1.602,0.912,0,0,0,1
1715249822925,1,1.602,0.912,0,0,0,1
1715249822938,1,1.602,0.912,0,0,0,1
1715249822951,1,1.602,0.912,0,0,0,1
1715249822965,1,1.602,0.912,0,0,0,1
1715249822977,1,1.602,0.912,0,0,0,1
1715249822992,1,1.602,0.912,0,0,0,1
1715249823007,1,1.602,0.912,0,0,0,1
1715249823021,1,1.602,0.912,0,0,0,1
1715249823036,1,1.602,0.912,0,0,0,1
1715249823050,1,1.602,0.912,0,0,0,1
1715249823064,1,1.602,0.912,0,0,0,1
1715249823077,1,1.602,0.912,0,0,0,1
1715249823088,1,1.602,0.912,0,0,0,1
1715249823101,1,1.602,0.912,0,0,0,1
1715249823114,1,1.602,0.912,0,0,0,1
1715249823125,1,1.602,0.912,0,0,0,1
1715249823139,1,1.602,0.912,0,0,0,1
1715249823154,1,1.602,0.912,0,0,0,1
1715249823167,1,1.602,0.912,0,0,0,1
1715249823182,1,1.602,0.912,0,0,0,1
1715249823196,1,1.602,0.912,0,0,0,1
1715249823209,1,1.602,0.912,0,0,0,1
1715249823222,1,1.602,0.912,0,0,0,1
1715249823236,1,1.602,0.912,0,0,0,1
1715249823250,1,1.602,0.912,0,0,0,1
1715249823265,1,1.602,0.912,0,0,0,1
1715249823277,1,1.602,0.912,0,0,0,1
1715249823290,1,1.602,0.912,0,0,0,1
1715249823302,1,1.602,0.912,0,0,0,1
1715249823313,1,1.602,0.912,0,0,0,1
1715249823327,1,1.602,0.912,0,0,0,1
1715249823339,1,1.602,0.912,0,0,0,1
1715249823352,1,1.602,0.912,0,0,0,1
1715249823364,1,1.602,0.912,0,0,0,1
1715249823376,1,1.602,0.912,0,0,0,1
1715249823390,1,1.602,0.912,0,0,0,1
1715249823403,1,1.602,0.912,0,0,0,1
1715249823414,1,1.602,0.912,0,0,0,1
1715249823426,1,1.602,0.912,0,0,0,1
1715249823438,1,1.602,0.912,0,0,0,1
1715249823450,1,1.602,0.912,0,0,0,1
1715249823462,1,1.602,0.912,0,0,0,1
1715249823474,1,1.602,0.912,0,0,0,1
1715249823486,1,1.602,0.912,0,0,0,1
1715249823497,1,1.602,0.912,0,0,0,1
1715249823511,1,1.602,0.912,0,0,0,1
1715249823522,1,1.602,0.912,0,0,0,1
1715249823533,1,1.602,0.912,0,0,0,1
1715249823546,1,1.602,0.912,0,0,0,1
1715249823556,1,1.602,0.912,0,0,0,1
1715249823569,1,1.602,0.912,0,0,0,1
1715249823583,1,1.602,0.912,0,0,0,1
1715249823595,1,1.602,0.912,0,0,0,1
1715249823608,1,1.602,0.912,0,0,0,1
1715249823622,1,1.602,0.912,0,0,0,1
1715249823637,1,1.602,0.912,0,0,0,1
1715249823650,1,1.602,0.912,0,0,0,1
1715249823667,1,1.602,0.912,0,0,0,1
1715249823681,1,1.602,0.912,0,0,0,1
1715249823697,1,1.602,0.912,0,0,0,1
1715249823713,1,1.602,0.912,0,0,0,1
1715249823728,1,1.602,0.912,0,0,0,1
1715249823744,1,1.602,0.912,0,0,0,1
1715249823761,1,1.602,0.912,0,0,0,1
1715249823776,1,1.602,0.912,0,0,0,1
1715249823791,1,1.602,0.912,0,0,0,1
1715249823806,1,1.602,0.912,0,0,0,1
1715249823819,1,1.602,0.912,0,0,0,1
1715249823834,1,1.602,0.912,0,0,0,1
1715249823850,1,1.602,0.912,0,0,0,1
1715249823866,1,1.602,0.912,0,0,0,1
1715249823882,1,1.602,0.912,0,0,0,1
1715249823895,1,1.602,0.912,0,0,0,1
1715249823910,1,1.602,0.912,0,0,0,1
1715249823923,1,1.602,0.912,0,0,0,1
1715249823935,1,1.602,0.912,0,0,0,1
1715249823949,1,1.602,0.912,0,0,0,1
1715249823963,1,1.602,0.912,0,0,0,1
1715249823976,1,1.602,0.912,0,0,0,1
1715249823989,1,1.602,0.912,0,0,0,1
1715249824003,1,1.602,0.912,0,0,0,1
1715249824016,1,1.602,0.912,0,0,0,1
1715249824032,1,1.602,0.912,0,0,0,1
1715249824045,1,1.602,0.912,0,0,0,1
1715249824060,1,1.602,0.912,0,0,0,1
1715249824074,1,1.602,0.912,0,0,0,1
1715249824090,1,1.602,0.912,0,0,0,1
1715249824104,1,1.602,0.912,0,0,0,1
1715249824118,1,1.602,0.912,0,0,0,1
1715249824131,1,1.602,0.912,0,0,0,1
1715249824145,1,1.602,0.912,0,0,0,1
1715249824159,1,1.602,0.912,0,0,0,1
1715249824172,1,1.602,0.912,0,0,0,1
1715249824187,1,1.602,0.912,0,0,0,1
1715249824200,1,1.602,0.912,0,0,0,1
1715249824214,1,1.602,0.912,0,0,0,1
1715249824249,1,1.602,0.912,0,0,0,1
1715249824272,1,1.602,0.912,0,0,0,1
1715249824285,1,1.602,0.912,0,0,0,1
1715249824301,1,1.602,0.912,0,0,0,1
1715249824313,1,1.602,0.912,0,0,0,1
1715249824329,1,1.602,0.912,0,0,0,1
1715249824342,1,1.602,0.912,0,0,0,1
1715249824354,1,1.602,0.912,0,0,0,1
1715249824366,1,1.602,0.912,0,0,0,1
1715249824379,1,1.602,0.912,0,0,0,1
1715249824391,1,1.602,0.912,0,0,0,1
1715249824403,1,1.602,0.912,0,0,0,1
1715249824417,1,1.602,0.912,0,0,0,1
1715249824431,1,1.602,0.912,0,0,0,1
1715249824444,1,1.602,0.912,0,0,0,1
1715249824458,1,1.602,0.912,0,0,0,1
1715249824473,1,1.602,0.912,0,0,0,1
1715249824490,1,1.602,0.912,0,0,0,1
1715249824505,1,1.602,0.912,0,0,0,1
1715249824517,1,1.602,0.912,0,0,0,1
1715249824531,1,1.602,0.912,0,0,0,1
1715249824544,1,1.602,0.912,0,0,0,1
1715249824559,1,1.602,0.912,0,0,0,1
1715249824573,1,1.602,0.912,0,0,0,1
1715249824588,1,1.602,0.912,0,0,0,1
1715249824603,1,1.602,0.912,0,0,0,1
1715249824614,1,1.602,0.912,0,0,0,1
1715249824628,1,1.602,0.912,0,0,0,1
1715249824640,1,1.602,0.912,0,0,0,1
1715249824652,1,1.602,0.912,0,0,0,1
1715249824665,1,1.602,0.912,0,0,0,1
1715249824678,1,1.602,0.912,0,0,0,1
1715249824690,1,1.602,0.912,0,0,0,1
1715249824703,1,1.602,0.912,0,0,0,1
1715249824715,1,1.602,0.912,0,0,0,1
1715249824728,1,1.602,0.912,0,0,0,1
1715249824744,1,1.602,0.912,0,0,0,1
1715249824765,1,1.602,0.912,0,0,0,1
1715249824784,1,1.602,0.912,0,0,0,1
1715249824799,1,1.602,0.912,0,0,0,1
1715249824812,1,1.602,0.912,0,0,0,1
1715249824826,1,1.602,0.912,0,0,0,1
1715249824838,1,1.602,0.912,0,0,0,1
1715249824851,1,1.602,0.912,0,0,0,1
1715249824862,1,1.602,0.912,0,0,0,1
1715249824875,1,1.602,0.912,0,0,0,1
1715249824888,1,1.602,0.912,0,0,0,1
1715249824900,1,1.602,0.912,0,0,0,1
1715249824914,1,1.602,0.912,0,0,0,1
1715249824928,1,1.602,0.912,0,0,0,1
1715249824939,1,1.602,0.912,0,0,0,1
1715249824953,1,1.602,0.912,0,0,0,1
1715249824964,1,1.602,0.912,0,0,0,1
1715249824975,1,1.602,0.912,0,0,0,1
1715249824987,1,1.602,0.912,0,0,0,1
1715249824998,1,1.602,0.912,0,0,0,1
1715249825011,1,1.602,0.912,0,0,0,1
1715249825023,1,1.602,0.912,0,0,0,1
1715249825036,1,1.602,0.912,0,0,0,1
1715249825046,1,1.602,0.912,0,0,0,1
1715249825059,1,1.602,0.912,0,0,0,1
1715249825072,1,1.602,0.912,0,0,0,1
1715249825086,1,1.602,0.912,0,0,0,1
1715249825101,1,1.602,0.912,0,0,0,1
1715249825114,1,1.602,0.912,0,0,0,1
1715249825131,1,1.602,0.912,0,0,0,1
1715249825144,1,1.602,0.912,0,0,0,1
1715249825158,1,1.602,0.912,0,0,0,1
1715249825174,1,1.602,0.912,0,0,0,1
1715249825189,1,1.602,0.912,0,0,0,1
1715249825203,1,1.602,0.912,0,0,0,1
1715249825216,1,1.602,0.912,0,0,0,1
1715249825230,1,1.602,0.912,0,0,0,1
1715249825243,1,1.602,0.912,0,0,0,1
1715249825258,1,1.602,0.912,0,0,0,1
1715249825271,1,1.602,0.912,0,0,0,1
1715249825285,1,1.602,0.912,0,0,0,1
1715249825298,1,1.602,0.912,0,0,0,1
1715249825312,1,1.602,0.912,0,0,0,1
1715249825325,1,1.602,0.912,0,0,0,1
1715249825339,1,1.602,0.912,0,0,0,1
1715249825355,1,1.602,0.912,0,0,0,1
1715249825369,1,1.602,0.912,0,0,0,1
1715249825382,1,1.602,0.912,0,0,0,1
1715249825396,1,1.602,0.912,0,0,0,1
1715249825409,1,1.602,0.912,0,0,0,1
1715249825422,1,1.602,0.912,0,0,0,1
1715249825434,1,1.602,0.912,0,0,0,1
1715249825447,1,1.602,0.912,0,0,0,1
1715249825459,1,1.602,0.912,0,0,0,1
1715249825471,1,1.602,0.912,0,0,0,1
1715249825483,1,1.602,0.912,0,0,0,1
1715249825495,1,1.602,0.912,0,0,0,1
1715249825508,1,1.602,0.912,0,0,0,1
1715249825519,1,1.602,0.912,0,0,0,1
1715249825532,1,1.602,0.912,0,0,0,1
1715249825546,1,1.602,0.912,0,0,0,1
1715249825560,1,1.602,0.912,0,0,0,1
1715249825574,1,1.602,0.912,0,0,0,1
1715249825588,1,1.602,0.912,0,0,0,1
1715249825602,1,1.602,0.912,0,0,0,1
1715249825615,1,1.602,0.912,0,0,0,1
1715249825628,1,1.602,0.912,0,0,0,1
1715249825639,1,1.602,0.912,0,0,0,1
1715249825651,1,1.602,0.912,0,0,0,1
1715249825664,1,1.602,0.912,0,0,0,1
1715249825676,1,1.602,0.912,0,0,0,1
1715249825687,1,1.602,0.912,0,0,0,1
1715249825699,1,1.602,0.912,0,0,0,1
1715249825712,1,1.602,0.912,0,0,0,1
1715249825724,1,1.602,0.912,0,0,0,1
1715249825735,1,1.602,0.912,0,0,0,1
1715249825748,1,1.602,0.912,0,0,0,1
1715249825761,1,1.602,0.912,0,0,0,1
1715249825773,1,1.602,0.912,0,0,0,1
1715249825785,1,1.602,0.912,0,0,0,1
1715249825797,1,1.602,0.912,0,0,0,1
1715249825812,1,1.602,0.912,0,0,0,1
1715249825825,1,1.602,0.912,0,0,0,1
1715249825837,1,1.602,0.912,0,0,0,1
1715249825850,1,1.602,0.912,0,0,0,1
1715249825863,1,1.602,0.912,0,0,0,1
1715249825876,1,1.602,0.912,0,0,0,1
1715249825889,1,1.602,0.912,0,0,0,1
1715249825902,1,1.602,0.912,0,0,0,1
1715249825917,1,1.602,0.912,0,0,0,1
1715249825931,1,1.602,0.912,0,0,0,1
1715249825947,1,1.602,0.912,0,0,0,1
1715249825961,1,1.602,0.912,0,0,0,1
1715249825976,1,1.602,0.912,0,0,0,1
1715249825992,1,1.602,0.912,0,0,0,1
1715249826006,1,1.602,0.912,0,0,0,1
1715249826021,1,1.602,0.912,0,0,0,1
1715249826034,1,1.602,0.912,0,0,0,1
1715249826048,1,1.602,0.912,0,0,0,1
1715249826061,1,1.602,0.912,0,0,0,1
1715249826074,1,1.602,0.912,0,0,0,1
1715249826088,1,1.602,0.912,0,0,0,1
1715249826100,1,1.602,0.912,0,0,0,1
1715249826114,1,1.602,0.912,0,0,0,1
1715249826129,1,1.602,0.912,0,0,0,1
1715249826141,1,1.602,0.912,0,0,0,1
1715249826155,1,1.602,0.912,0,0,0,1
1715249826169,1,1.602,0.912,0,0,0,1
1715249826182,1,1.602,0.912,0,0,0,1
1715249826196,1,1.602,0.912,0,0,0,1
1715249826209,1,1.602,0.912,0,0,0,1
1715249826222,1,1.602,0.912,0,0,0,1
1715249826233,1,1.602,0.912,0,0,0,1
1715249826245,1,1.602,0.912,0,0,0,1
1715249826257,1,1.602,0.912,0,0,0,1
1715249826268,1,1.602,0.912,0,0,0,1
1715249826281,1,1.602,0.912,0,0,0,1
1715249826292,1,1.602,0.912,0,0,0,1
1715249826304,1,1.602,0.912,0,0,0,1
1715249826316,1,1.602,0.912,0,0,0,1
1715249826329,1,1.602,0.912,0,0,0,1
1715249826340,1,1.602,0.912,0,0,0,1
1715249826350,1,1.602,0.912,0,0,0,1
1715249826364,1,1.602,0.912,0,0,0,1
1715249826376,1,1.602,0.912,0,0,0,1
1715249826389,1,1.602,0.912,0,0,0,1
1715249826400,1,1.602,0.912,0,0,0,1
1715249826411,1,1.602,0.912,0,0,0,1
1715249826424,1,1.602,0.912,0,0,0,1
1715249826437,1,1.602,0.912,0,0,0,1
1715249826448,1,1.602,0.912,0,0,0,1
1715249826463,1,1.602,0.912,0,0,0,1
1715249826475,1,1.602,0.912,0,0,0,1
1715249826488,1,1.602,0.912,0,0,0,1
1715249826500,1,1.602,0.912,0,0,0,1
1715249826512,1,1.602,0.912,0,0,0,1
1715249826524,1,1.602,0.912,0,0,0,1
1715249826537,1,1.602,0.912,0,0,0,1
1715249826552,1,1.602,0.912,0,0,0,1
1715249826564,1,1.602,0.912,0,0,0,1
1715249826578,1,1.602,0.912,0,0,0,1
1715249826591,1,1.602,0.912,0,0,0,1
1715249826603,1,1.602,0.912,0,0,0,1
1715249826616,1,1.602,0.912,0,0,0,1
1715249826631,1,1.602,0.912,0,0,0,1
1715249826647,1,1.602,0.912,0,0,0,1
1715249826660,1,1.602,0.912,0,0,0,1
1715249826671,1,1.602,0.912,0,0,0,1
1715249826684,1,1.602,0.912,0,0,0,1
1715249826695,1,1.602,0.912,0,0,0,1
1715249826707,1,1.602,0.912,0,0,0,1
1715249826721,1,1.602,0.912,0,0,0,1
1715249826733,1,1.602,0.912,0,0,0,1
1715249826749,1,1.602,0.912,0,0,0,1
1715249826764,1,1.602,0.912,0,0,0,1
1715249826777,1,1.602,0.912,0,0,0,1
1715249826790,1,1.602,0.912,0,0,0,1
1715249826802,1,1.602,0.912,0,0,0,1
1715249826815,1,1.602,0.912,0,0,0,1
1715249826827,1,1.602,0.912,0,0,0,1
1715249826841,1,1.602,0.912,0,0,0,1
1715249826854,1,1.602,0.912,0,0,0,1
1715249826867,1,1.602,0.912,0,0,0,1
1715249826880,1,1.602,0.912,0,0,0,1
1715249826893,1,1.602,0.912,0,0,0,1
1715249826906,1,1.602,0.912,0,0,0,1
1715249826918,1,1.602,0.912,0,0,0,1
1715249826931,1,1.602,0.912,0,0,0,1
1715249826943,1,1.602,0.912,0,0,0,1
1715249826954,1,1.602,0.912,0,0,0,1
1715249826966,1,1.602,0.912,0,0,0,1
1715249826977,1,1.602,0.912,0,0,0,1
1715249826989,1,1.602,0.912,0,0,0,1
1715249827000,1,1.602,0.912,0,0,0,1
1715249827013,1,1.602,0.912,0,0,0,1
1715249827025,1,1.602,0.912,0,0,0,1
1715249827036,1,1.602,0.912,0,0,0,1
1715249827047,1,1.602,0.912,0,0,0,1
1715249827061,1,1.602,0.912,0,0,0,1
1715249827072,1,1.602,0.912,0,0,0,1
1715249827085,1,1.602,0.912,0,0,0,1
1715249827102,1,1.602,0.912,0,0,0,1
1715249827116,1,1.602,0.912,0,0,0,1
1715249827131,1,1.602,0.912,0,0,0,1
1715249827145,1,1.602,0.912,0,0,0,1
1715249827159,1,1.602,0.912,0,0,0,1
1715249827173,1,1.602,0.912,0,0,0,1
1715249827187,1,1.602,0.912,0,0,0,1
1715249827201,1,1.602,0.912,0,0,0,1
1715249827214,1,1.602,0.912,0,0,0,1
1715249827228,1,1.602,0.912,0,0,0,1
1715249827241,1,1.602,0.912,0,0,0,1
1715249827253,1,1.602,0.912,0,0,0,1
1715249827266,1,1.602,0.912,0,0,0,1
1715249827279,1,1.602,0.912,0,0,0,1
1715249827291,1,1.602,0.912,0,0,0,1
1715249827304,1,1.602,0.912,0,0,0,1
1715249827316,1,1.602,0.912,0,0,0,1
1715249827328,1,1.602,0.912,0,0,0,1
1715249827341,1,1.602,0.912,0,0,0,1
1715249827354,1,1.602,0.912,0,0,0,1
1715249827367,1,1.602,0.912,0,0,0,1
1715249827381,1,1.602,0.912,0,0,0,1
1715249827394,1,1.602,0.912,0,0,0,1
1715249827407,1,1.602,0.912,0,0,0,1
1715249827420,1,1.602,0.912,0,0,0,1
1715249827433,1,1.602,0.912,0,0,0,1
1715249827446,1,1.602,0.912,0,0,0,1
1715249827458,1,1.602,0.912,0,0,0,1
1715249827469,1,1.602,0.912,0,0,0,1
1715249827481,1,1.602,0.912,0,0,0,1
1715249827492,1,1.602,0.912,0,0,0,1
1715249827504,1,1.602,0.912,0,0,0,1
1715249827515,1,1.602,0.912,0,0,0,1
1715249827527,1,1.602,0.912,0,0,0,1
1715249827538,1,1.602,0.912,0,0,0,1
1715249827551,1,1.602,0.912,0,0,0,1
1715249827562,1,1.602,0.912,0,0,0,1
1715249827574,1,1.602,0.912,0,0,0,1
1715249827585,1,1.602,0.912,0,0,0,1
1715249827597,1,1.602,0.912,0,0,0,1
1715249827609,1,1.602,0.912,0,0,0,1
1715249827621,1,1.602,0.912,0,0,0,1
1715249827634,1,1.602,0.912,0,0,0,1
1715249827646,1,1.602,0.912,0,0,0,1
1715249827658,1,1.602,0.912,0,0,0,1
1715249827670,1,1.602,0.912,0,0,0,1
1715249827681,1,1.602,0.912,0,0,0,1
1715249827693,1,1.602,0.912,0,0,0,1
1715249827707,1,1.602,0.912,0,0,0,1
1715249827719,1,1.602,0.912,0,0,0,1
1715249827733,1,1.602,0.912,0,0,0,1
1715249827747,1,1.602,0.912,0,0,0,1
1715249827759,1,1.602,0.912,0,0,0,1
1715249827772,1,1.602,0.912,0,0,0,1
1715249827785,1,1.602,0.912,0,0,0,1
1715249827799,1,1.602,0.912,0,0,0,1
1715249827815,1,1.602,0.912,0,0,0,1
1715249827830,1,1.602,0.912,0,0,0,1
1715249827842,1,1.602,0.912,0,0,0,1
1715249827854,1,1.602,0.912,0,0,0,1
1715249827867,1,1.602,0.912,0,0,0,1
1715249827882,1,1.602,0.912,0,0,0,1
1715249827896,1,1.602,0.912,0,0,0,1
1715249827910,1,1.602,0.912,0,0,0,1
1715249827924,1,1.602,0.912,0,0,0,1
1715249827936,1,1.602,0.912,0,0,0,1
1715249827948,1,1.602,0.912,0,0,0,1
1715249827960,1,1.602,0.912,0,0,0,1
1715249827971,1,1.602,0.912,0,0,0,1
1715249827983,1,1.602,0.912,0,0,0,1
1715249827995,1,1.602,0.912,0,0,0,1
1715249828009,1,1.602,0.912,0,0,0,1
1715249828021,1,1.602,0.912,0,0,0,1
1715249828033,1,1.602,0.912,0,0,0,1
1715249828047,1,1.602,0.912,0,0,0,1
1715249828060,1,1.602,0.912,0,0,0,1
1715249828075,1,1.602,0.912,0,0,0,1
1715249828087,1,1.602,0.912,0,0,0,1
1715249828099,1,1.602,0.912,0,0,0,1
1715249828114,1,1.602,0.912,0,0,0,1
1715249828128,1,1.602,0.912,0,0,0,1
1715249828140,1,1.602,0.912,0,0,0,1
1715249828152,1,1.602,0.912,0,0,0,1
1715249828168,1,1.602,0.912,0,0,0,1
1715249828183,1,1.602,0.912,0,0,0,1
1715249828202,1,1.602,0.912,0,0,0,1
1715249828221,1,1.602,0.912,0,0,0,1
1715249828236,1,1.602,0.912,0,0,0,1
1715249828251,1,1.602,0.912,0,0,0,1
1715249828265,1,1.602,0.912,0,0,0,1
1715249828278,1,1.602,0.912,0,0,0,1
1715249828291,1,1.602,0.912,0,0,0,1
1715249828304,1,1.602,0.912,0,0,0,1
1715249828315,1,1.602,0.912,0,0,0,1
1715249828329,1,1.602,0.912,0,0,0,1
1715249828342,1,1.602,0.912,0,0,0,1
1715249828356,1,1.602,0.912,0,0,0,1
1715249828370,1,1.602,0.912,0,0,0,1
1715249828384,1,1.602,0.912,0,0,0,1
1715249828396,1,1.602,0.912,0,0,0,1
1715249828410,1,1.602,0.912,0,0,0,1
1715249828423,1,1.602,0.912,0,0,0,1
1715249828435,1,1.602,0.912,0,0,0,1
1715249828449,1,1.602,0.912,0,0,0,1
1715249828459,1,1.602,0.912,0,0,0,1
1715249828475,1,1.602,0.912,0,0,0,1
1715249828487,1,1.602,0.912,0,0,0,1
1715249828500,1,1.602,0.912,0,0,0,1
1715249828513,1,1.602,0.912,0,0,0,1
1715249828529,1,1.602,0.912,0,0,0,1
1715249828542,1,1.602,0.912,0,0,0,1
1715249828555,1,1.602,0.912,0,0,0,1
1715249828570,1,1.602,0.912,0,0,0,1
1715249828581,1,1.602,0.912,0,0,0,1
1715249828593,1,1.602,0.912,0,0,0,1
1715249828606,1,1.602,0.912,0,0,0,1
1715249828618,1,1.602,0.912,0,0,0,1
1715249828632,1,1.602,0.912,0,0,0,1
1715249828643,1,1.602,0.912,0,0,0,1
1715249828657,1,1.602,0.912,0,0,0,1
1715249828672,1,1.602,0.912,0,0,0,1
1715249828683,1,1.602,0.912,0,0,0,1
1715249828695,1,1.602,0.912,0,0,0,1
1715249828707,1,1.602,0.912,0,0,0,1
1715249828719,1,1.602,0.912,0,0,0,1
1715249828730,1,1.602,0.912,0,0,0,1
1715249828742,1,1.602,0.912,0,0,0,1
1715249828753,1,1.602,0.912,0,0,0,1
1715249828764,1,1.602,0.912,0,0,0,1
1715249828777,1,1.602,0.912,0,0,0,1
1715249828797,1,1.602,0.912,0,0,0,1
1715249828808,1,1.602,0.912,0,0,0,1
1715249828820,1,1.602,0.912,0,0,0,1
1715249828834,1,1.602,0.912,0,0,0,1
1715249828849,1,1.602,0.912,0,0,0,1
1715249828861,1,1.602,0.912,0,0,0,1
1715249828873,1,1.602,0.912,0,0,0,1
1715249828885,1,1.602,0.912,0,0,0,1
1715249828901,1,1.602,0.912,0,0,0,1
1715249828928,1,1.602,0.912,0,0,0,1
1715249828954,1,1.602,0.912,0,0,0,1
1715249828972,1,1.602,0.912,0,0,0,1
1715249828989,1,1.602,0.912,0,0,0,1
1715249829004,1,1.602,0.912,0,0,0,1
1715249829019,1,1.602,0.912,0,0,0,1
1715249829033,1,1.602,0.912,0,0,0,1
1715249829046,1,1.602,0.912,0,0,0,1
1715249829061,1,1.602,0.912,0,0,0,1
1715249829073,1,1.602,0.912,0,0,0,1
1715249829086,1,1.602,0.912,0,0,0,1
1715249829098,1,1.602,0.912,0,0,0,1
1715249829111,1,1.602,0.912,0,0,0,1
1715249829122,1,1.602,0.912,0,0,0,1
1715249829151,1,1.602,0.912,0,0,0,1
1715249829165,1,1.602,0.912,0,0,0,1
1715249829177,1,1.602,0.912,0,0,0,1
1715249829189,1,1.602,0.912,0,0,0,1
1715249829201,1,1.602,0.912,0,0,0,1
1715249829214,1,1.602,0.912,0,0,0,1
1715249829226,1,1.602,0.912,0,0,0,1
1715249829238,1,1.602,0.912,0,0,0,1
1715249829251,1,1.602,0.912,0,0,0,1
1715249829263,1,1.602,0.912,0,0,0,1
1715249829276,1,1.602,0.912,0,0,0,1
1715249829287,1,1.602,0.912,0,0,0,1
1715249829298,1,1.602,0.912,0,0,0,1
1715249829310,1,1.602,0.912,0,0,0,1
1715249829322,1,1.602,0.912,0,0,0,1
1715249829336,1,1.602,0.912,0,0,0,1
1715249829348,1,1.602,0.912,0,0,0,1
1715249829360,1,1.602,0.912,0,0,0,1
1715249829372,1,1.602,0.912,0,0,0,1
1715249829384,1,1.602,0.912,0,0,0,1
1715249829396,1,1.602,0.912,0,0,0,1
1715249829409,1,1.602,0.912,0,0,0,1
1715249829422,1,1.602,0.912,0,0,0,1
1715249829433,1,1.602,0.912,0,0,0,1
1715249829445,1,1.602,0.912,0,0,0,1
1715249829457,1,1.602,0.912,0,0,0,1
1715249829470,1,1.602,0.912,0,0,0,1
1715249829485,1,1.602,0.912,0,0,0,1
1715249829497,1,1.602,0.912,0,0,0,1
1715249829512,1,1.602,0.912,0,0,0,1
1715249829527,1,1.602,0.912,0,0,0,1
1715249829539,1,1.602,0.912,0,0,0,1
1715249829551,1,1.602,0.912,0,0,0,1
1715249829563,1,1.602,0.912,0,0,0,1
1715249829575,1,1.602,0.912,0,0,0,1
1715249829586,1,1.602,0.912,0,0,0,1
1715249829599,1,1.602,0.912,0,0,0,1
1715249829613,1,1.602,0.912,0,0,0,1
1715249829628,1,1.602,0.912,0,0,0,1
1715249829641,1,1.602,0.912,0,0,0,1
1715249829652,1,1.602,0.912,0,0,0,1
1715249829664,1,1.602,0.912,0,0,0,1
1715249829676,1,1.602,0.912,0,0,0,1
1715249829687,1,1.602,0.912,0,0,0,1
1715249829699,1,1.602,0.912,0,0,0,1
1715249829712,1,1.602,0.912,0,0,0,1
1715249829729,1,1.602,0.912,0,0,0,1
1715249829741,1,1.602,0.912,0,0,0,1
1715249829753,1,1.602,0.912,0,0,0,1
1715249829765,1,1.602,0.912,0,0,0,1
1715249829778,1,1.602,0.912,0,0,0,1
1715249829791,1,1.602,0.912,0,0,0,1
1715249829806,1,1.602,0.912,0,0,0,1
1715249829847,1,1.602,0.912,0,0,0,1
1715249829861,1,1.602,0.912,0,0,0,1
1715249829876,1,1.602,0.912,0,0,0,1
1715249829890,1,1.602,0.912,0,0,0,1
1715249829906,1,1.602,0.912,0,0,0,1
1715249829919,1,1.602,0.912,0,0,0,1
1715249829934,1,1.602,0.912,0,0,0,1
1715249829947,1,1.602,0.912,0,0,0,1
1715249829960,1,1.602,0.912,0,0,0,1
1715249829972,1,1.602,0.912,0,0,0,1
1715249829984,1,1.602,0.912,0,0,0,1
1715249829996,1,1.602,0.912,0,0,0,1
1715249830008,1,1.602,0.912,0,0,0,1
1715249830019,1,1.602,0.912,0,0,0,1
1715249830032,1,1.602,0.912,0,0,0,1
1715249830044,1,1.602,0.912,0,0,0,1
1715249830054,1,1.602,0.912,0,0,0,1
1715249830066,1,1.602,0.912,0,0,0,1
1715249830076,1,1.602,0.912,0,0,0,1
1715249830088,1,1.602,0.912,0,0,0,1
1715249830100,1,1.602,0.912,0,0,0,1
1715249830113,1,1.602,0.912,0,0,0,1
1715249830126,1,1.602,0.912,0,0,0,1
1715249830138,1,1.602,0.912,0,0,0,1
1715249830150,1,1.602,0.912,0,0,0,1
1715249830162,1,1.602,0.912,0,0,0,1
1715249830173,1,1.602,0.912,0,0,0,1
1715249830184,1,1.602,0.912,0,0,0,1
1715249830196,1,1.602,0.912,0,0,0,1
1715249830208,1,1.602,0.912,0,0,0,1
1715249830220,1,1.602,0.912,0,0,0,1
1715249830232,1,1.602,0.912,0,0,0,1
1715249830246,1,1.602,0.912,0,0,0,1
1715249830258,1,1.602,0.912,0,0,0,1
1715249830270,1,1.602,0.912,0,0,0,1
1715249830281,1,1.602,0.912,0,0,0,1
1715249830293,1,1.602,0.912,0,0,0,1
1715249830305,1,1.602,0.912,0,0,0,1
1715249830316,1,1.602,0.912,0,0,0,1
1715249830330,1,1.602,0.912,0,0,0,1
1715249830342,1,1.602,0.912,0,0,0,1
1715249830353,1,1.602,0.912,0,0,0,1
1715249830365,1,1.602,0.912,0,0,0,1
1715249830377,1,1.602,0.912,0,0,0,1
1715249830390,1,1.602,0.912,0,0,0,1
1715249830400,1,1.602,0.912,0,0,0,1
1715249830413,1,1.602,0.912,0,0,0,1
1715249830425,1,1.602,0.912,0,0,0,1
1715249830436,1,1.602,0.912,0,0,0,1
1715249830447,1,1.602,0.912,0,0,0,1
1715249830460,1,1.602,0.912,0,0,0,1
1715249830472,1,1.602,0.912,0,0,0,1
1715249830485,1,1.602,0.912,0,0,0,1
1715249830497,1,1.602,0.912,0,0,0,1
1715249830510,1,1.602,0.912,0,0,0,1
1715249830526,1,1.602,0.912,0,0,0,1
1715249830538,1,1.602,0.912,0,0,0,1
1715249830552,1,1.602,0.912,0,0,0,1
1715249830565,1,1.602,0.912,0,0,0,1
1715249830580,1,1.602,0.912,0,0,0,1
1715249830593,1,1.602,0.912,0,0,0,1
1715249830605,1,1.602,0.912,0,0,0,1
1715249830617,1,1.602,0.912,0,0,0,1
1715249830629,1,1.602,0.912,0,0,0,1
1715249830642,1,1.602,0.912,0,0,0,1
1715249830656,1,1.602,0.912,0,0,0,1
1715249830670,1,1.602,0.912,0,0,0,1
1715249830683,1,1.602,0.912,0,0,0,1
1715249830695,1,1.602,0.912,0,0,0,1
1715249830708,1,1.602,0.912,0,0,0,1
1715249830720,1,1.602,0.912,0,0,0,1
1715249830732,1,1.602,0.912,0,0,0,1
1715249830744,1,1.602,0.912,0,0,0,1
1715249830755,1,1.602,0.912,0,0,0,1
1715249830769,1,1.602,0.912,0,0,0,1
1715249830781,1,1.602,0.912,0,0,0,1
1715249830796,1,1.602,0.912,0,0,0,1
1715249830811,1,1.602,0.912,0,0,0,1
1715249830823,1,1.602,0.912,0,0,0,1
1715249830836,1,1.602,0.912,0,0,0,1
1715249830849,1,1.602,0.912,0,0,0,1
1715249830861,1,1.602,0.912,0,0,0,1
1715249830873,1,1.602,0.912,0,0,0,1
1715249830885,1,1.602,0.912,0,0,0,1
1715249830897,1,1.602,0.912,0,0,0,1
1715249830910,1,1.602,0.912,0,0,0,1
1715249830923,1,1.602,0.912,0,0,0,1
1715249830934,1,1.602,0.912,0,0,0,1
1715249830946,1,1.602,0.912,0,0,0,1
1715249830957,1,1.602,0.912,0,0,0,1
1715249830970,1,1.602,0.912,0,0,0,1
1715249830983,1,1.602,0.912,0,0,0,1
1715249830993,1,1.602,0.912,0,0,0,1
1715249831005,1,1.602,0.912,0,0,0,1
1715249831017,1,1.602,0.912,0,0,0,1
1715249831029,1,1.602,0.912,0,0,0,1
1715249831041,1,1.602,0.912,0,0,0,1
1715249831053,1,1.602,0.912,0,0,0,1
1715249831065,1,1.602,0.912,0,0,0,1
1715249831076,1,1.602,0.912,0,0,0,1
1715249831088,1,1.602,0.912,0,0,0,1
1715249831098,1,1.602,0.912,0,0,0,1
1715249831111,1,1.602,0.912,0,0,0,1
1715249831124,1,1.602,0.912,0,0,0,1
1715249831135,1,1.602,0.912,0,0,0,1
1715249831146,1,1.602,0.912,0,0,0,1
1715249831158,1,1.602,0.912,0,0,0,1
1715249831171,1,1.602,0.912,0,0,0,1
1715249831183,1,1.602,0.912,0,0,0,1
1715249831194,1,1.602,0.912,0,0,0,1
1715249831207,1,1.602,0.912,0,0,0,1
1715249831221,1,1.602,0.912,0,0,0,1
1715249831232,1,1.602,0.912,0,0,0,1
1715249831244,1,1.602,0.912,0,0,0,1
1715249831255,1,1.602,0.912,0,0,0,1
1715249831267,1,1.602,0.912,0,0,0,1
1715249831278,1,1.602,0.912,0,0,0,1
1715249831290,1,1.602,0.912,0,0,0,1
1715249831301,1,1.602,0.912,0,0,0,1
1715249831312,1,1.602,0.912,0,0,0,1
1715249831324,1,1.602,0.912,0,0,0,1
1715249831337,1,1.602,0.912,0,0,0,1
1715249831348,1,1.602,0.912,0,0,0,1
1715249831359,1,1.602,0.912,0,0,0,1
1715249831370,1,1.602,0.912,0,0,0,1
1715249831384,1,1.602,0.912,0,0,0,1
1715249831395,1,1.602,0.912,0,0,0,1
1715249831407,1,1.602,0.912,0,0,0,1
1715249831418,1,1.602,0.912,0,0,0,1
1715249831429,1,1.602,0.912,0,0,0,1
1715249831441,1,1.602,0.912,0,0,0,1
1715249831453,1,1.602,0.912,0,0,0,1
1715249831464,1,1.602,0.912,0,0,0,1
1715249831475,1,1.602,0.912,0,0,0,1
1715249831486,1,1.602,0.912,0,0,0,1
1715249831497,1,1.602,0.912,0,0,0,1
1715249831510,1,1.602,0.912,0,0,0,1
1715249831523,1,1.602,0.912,0,0,0,1
1715249831537,1,1.602,0.912,0,0,0,1
1715249831551,1,1.602,0.912,0,0,0,1
1715249831565,1,1.602,0.912,0,0,0,1
1715249831579,1,1.602,0.912,0,0,0,1
1715249831594,1,1.602,0.912,0,0,0,1
1715249831607,1,1.602,0.912,0,0,0,1
1715249831620,1,1.602,0.912,0,0,0,1
1715249831634,1,1.602,0.912,0,0,0,1
1715249831649,1,1.602,0.912,0,0,0,1
1715249831662,1,1.602,0.912,0,0,0,1
1715249831673,1,1.602,0.912,0,0,0,1
1715249831688,1,1.602,0.912,0,0,0,1
1715249831699,1,1.602,0.912,0,0,0,1
1715249831712,1,1.602,0.912,0,0,0,1
1715249831724,1,1.602,0.912,0,0,0,1
1715249831735,1,1.602,0.912,0,0,0,1
1715249831747,1,1.602,0.912,0,0,0,1
1715249831758,1,1.602,0.912,0,0,0,1
1715249831770,1,1.602,0.912,0,0,0,1
1715249831782,1,1.602,0.912,0,0,0,1
1715249831794,1,1.602,0.912,0,0,0,1
1715249831807,1,1.602,0.912,0,0,0,1
1715249831817,1,1.602,0.912,0,0,0,1
1715249831829,1,1.602,0.912,0,0,0,1
1715249831841,1,1.602,0.912,0,0,0,1
1715249831853,1,1.602,0.912,0,0,0,1
1715249831865,1,1.602,0.912,0,0,0,1
1715249831877,1,1.602,0.912,0,0,0,1
1715249831890,1,1.602,0.912,0,0,0,1
1715249831902,1,1.602,0.912,0,0,0,1
1715249831915,1,1.602,0.912,0,0,0,1
1715249831929,1,1.602,0.912,0,0,0,1
1715249831943,1,1.602,0.912,0,0,0,1
1715249831956,1,1.602,0.912,0,0,0,1
1715249831967,1,1.602,0.912,0,0,0,1
1715249831979,1,1.602,0.912,0,0,0,1
1715249831991,1,1.602,0.912,0,0,0,1
1715249832002,1,1.602,0.912,0,0,0,1
1715249832013,1,1.602,0.912,0,0,0,1
1715249832026,1,1.602,0.912,0,0,0,1
1715249832038,1,1.602,0.912,0,0,0,1
1715249832049,1,1.602,0.912,0,0,0,1
1715249832063,1,1.602,0.912,0,0,0,1
1715249832074,1,1.602,0.912,0,0,0,1
1715249832086,1,1.602,0.912,0,0,0,1
1715249832097,1,1.602,0.912,0,0,0,1
1715249832110,1,1.602,0.912,0,0,0,1
1715249832124,1,1.602,0.912,0,0,0,1
1715249832135,1,1.602,0.912,0,0,0,1
1715249832148,1,1.602,0.912,0,0,0,1
1715249832159,1,1.602,0.912,0,0,0,1
1715249832171,1,1.602,0.912,0,0,0,1
1715249832184,1,1.602,0.912,0,0,0,1
1715249832197,1,1.602,0.912,0,0,0,1
1715249832210,1,1.602,0.912,0,0,0,1
1715249832222,1,1.602,0.912,0,0,0,1
1715249832233,1,1.602,0.912,0,0,0,1
1715249832246,1,1.602,0.912,0,0,0,1
1715249832257,1,1.602,0.912,0,0,0,1
1715249832269,1,1.602,0.912,0,0,0,1
1715249832281,1,1.602,0.912,0,0,0,1
1715249832292,1,1.602,0.912,0,0,0,1
1715249832304,1,1.602,0.912,0,0,0,1
1715249832315,1,1.602,0.912,0,0,0,1
1715249832329,1,1.602,0.912,0,0,0,1
1715249832343,1,1.602,0.912,0,0,0,1
1715249832355,1,1.602,0.912,0,0,0,1
1715249832366,1,1.602,0.912,0,0,0,1
1715249832378,1,1.602,0.912,0,0,0,1
1715249832391,1,1.602,0.912,0,0,0,1
1715249832404,1,1.602,0.912,0,0,0,1
1715249832414,1,1.602,0.912,0,0,0,1
1715249832428,1,1.602,0.912,0,0,0,1
1715249832440,1,1.602,0.912,0,0,0,1
1715249832451,1,1.602,0.912,0,0,0,1
1715249832464,1,1.602,0.912,0,0,0,1
1715249832475,1,1.602,0.912,0,0,0,1
1715249832487,1,1.602,0.912,0,0,0,1
1715249832497,1,1.602,0.912,0,0,0,1
1715249832510,1,1.602,0.912,0,0,0,1
1715249832522,1,1.602,0.912,0,0,0,1
1715249832533,1,1.602,0.912,0,0,0,1
1715249832545,1,1.602,0.912,0,0,0,1
1715249832557,1,1.602,0.912,0,0,0,1
1715249832569,1,1.602,0.912,0,0,0,1
1715249832581,1,1.602,0.912,0,0,0,1
1715249832593,1,1.602,0.912,0,0,0,1
1715249832606,1,1.602,0.912,0,0,0,1
1715249832619,1,1.602,0.912,0,0,0,1
1715249832632,1,1.602,0.912,0,0,0,1
1715249832644,1,1.602,0.912,0,0,0,1
1715249832655,1,1.602,0.912,0,0,0,1
1715249832667,1,1.602,0.912,0,0,0,1
1715249832677,1,1.602,0.912,0,0,0,1
1715249832690,1,1.602,0.912,0,0,0,1
1715249832702,1,1.602,0.912,0,0,0,1
1715249832713,1,1.602,0.912,0,0,0,1
1715249832726,1,1.602,0.912,0,0,0,1
1715249832737,1,1.602,0.912,0,0,0,1
1715249832750,1,1.602,0.912,0,0,0,1
1715249832761,1,1.602,0.912,0,0,0,1
1715249832773,1,1.602,0.912,0,0,0,1
1715249832785,1,1.602,0.912,0,0,0,1
1715249832797,1,1.602,0.912,0,0,0,1
1715249832811,1,1.602,0.912,0,0,0,1
1715249832824,1,1.602,0.912,0,0,0,1
1715249832839,1,1.602,0.912,0,0,0,1
1715249832852,1,1.602,0.912,0,0,0,1
1715249832866,1,1.602,0.912,0,0,0,1
1715249832879,1,1.602,0.912,0,0,0,1
1715249832891,1,1.602,0.912,0,0,0,1
1715249832906,1,1.602,0.912,0,0,0,1
1715249832921,1,1.602,0.912,0,0,0,1
1715249832933,1,1.602,0.912,0,0,0,1
1715249832946,1,1.602,0.912,0,0,0,1
1715249832957,1,1.602,0.912,0,0,0,1
1715249832970,1,1.602,0.912,0,0,0,1
1715249832982,1,1.602,0.912,0,0,0,1
1715249832996,1,1.602,0.912,0,0,0,1
1715249833010,1,1.602,0.912,0,0,0,1
1715249833022,1,1.602,0.912,0,0,0,1
1715249833033,1,1.602,0.912,0,0,0,1
1715249833045,1,1.602,0.912,0,0,0,1
1715249833057,1,1.602,0.912,0,0,0,1
1715249833069,1,1.602,0.912,0,0,0,1
1715249833081,1,1.602,0.912,0,0,0,1
1715249833093,1,1.602,0.912,0,0,0,1
1715249833106,1,1.602,0.912,0,0,0,1
1715249833116,1,1.602,0.912,0,0,0,1
1715249833130,1,1.602,0.912,0,0,0,1
1715249833142,1,1.602,0.912,0,0,0,1
1715249833154,1,1.602,0.912,0,0,0,1
1715249833167,1,1.602,0.912,0,0,0,1
1715249833178,1,1.602,0.912,0,0,0,1
1715249833191,1,1.602,0.912,0,0,0,1
1715249833203,1,1.602,0.912,0,0,0,1
1715249833215,1,1.602,0.912,0,0,0,1
1715249833228,1,1.602,0.912,0,0,0,1
1715249833239,1,1.602,0.912,0,0,0,1
1715249833251,1,1.602,0.912,0,0,0,1
1715249833264,1,1.602,0.912,0,0,0,1
1715249833275,1,1.602,0.912,0,0,0,1
1715249833288,1,1.602,0.912,0,0,0,1
1715249833299,1,1.602,0.912,0,0,0,1
1715249833311,1,1.602,0.912,0,0,0,1
1715249833324,1,1.602,0.912,0,0,0,1
1715249833336,1,1.602,0.912,0,0,0,1
1715249833347,1,1.602,0.912,0,0,0,1
1715249833358,1,1.602,0.912,0,0,0,1
1715249833371,1,1.602,0.912,0,0,0,1
1715249833382,1,1.602,0.912,0,0,0,1
1715249833394,1,1.602,0.912,0,0,0,1
1715249833406,1,1.602,0.912,0,0,0,1
1715249833417,1,1.602,0.912,0,0,0,1
1715249833431,1,1.602,0.912,0,0,0,1
1715249833443,1,1.602,0.912,0,0,0,1
1715249833454,1,1.602,0.912,0,0,0,1
1715249833466,1,1.602,0.912,0,0,0,1
1715249833478,1,1.602,0.912,0,0,0,1
1715249833490,1,1.602,0.912,0,0,0,1
1715249833502,1,1.602,0.912,0,0,0,1
1715249833515,1,1.602,0.912,0,0,0,1
1715249833527,1,1.602,0.912,0,0,0,1
1715249833538,1,1.602,0.912,0,0,0,1
1715249833551,1,1.602,0.912,0,0,0,1
1715249833564,1,1.602,0.912,0,0,0,1
1715249833576,1,1.602,0.912,0,0,0,1
1715249833587,1,1.602,0.912,0,0,0,1
1715249833598,1,1.602,0.912,0,0,0,1
1715249833611,1,1.602,0.912,0,0,0,1
1715249833622,1,1.602,0.912,0,0,0,1
1715249833635,1,1.602,0.912,0,0,0,1
1715249833647,1,1.602,0.912,0,0,0,1
1715249833658,1,1.602,0.912,0,0,0,1
1715249833671,1,1.602,0.912,0,0,0,1
1715249833682,1,1.602,0.912,0,0,0,1
1715249833693,1,1.602,0.912,0,0,0,1
1715249833706,1,1.602,0.912,0,0,0,1
1715249833717,1,1.602,0.912,0,0,0,1
1715249833729,1,1.602,0.912,0,0,0,1
1715249833741,1,1.602,0.912,0,0,0,1
1715249833752,1,1.602,0.912,0,0,0,1
1715249833764,1,1.602,0.912,0,0,0,1
1715249833776,1,1.602,0.912,0,0,0,1
1715249833788,1,1.602,0.912,0,0,0,1
1715249833800,1,1.602,0.912,0,0,0,1
1715249833811,1,1.602,0.912,0,0,0,1
1715249833824,1,1.602,0.912,0,0,0,1
1715249833836,1,1.602,0.912,0,0,0,1
1715249833848,1,1.602,0.912,0,0,0,1
1715249833860,1,1.602,0.912,0,0,0,1
1715249833872,1,1.602,0.912,0,0,0,1
1715249833885,1,1.602,0.912,0,0,0,1
1715249833897,1,1.602,0.912,0,0,0,1
1715249833909,1,1.602,0.912,0,0,0,1
1715249833922,1,1.602,0.912,0,0,0,1
1715249833935,1,1.602,0.912,0,0,0,1
1715249833950,1,1.602,0.912,0,0,0,1
1715249833963,1,1.602,0.912,0,0,0,1
1715249833975,1,1.602,0.912,0,0,0,1
1715249833988,1,1.602,0.912,0,0,0,1
1715249834001,1,1.602,0.912,0,0,0,1
1715249834013,1,1.602,0.912,0,0,0,1
1715249834025,1,1.602,0.912,0,0,0,1
1715249834038,1,1.602,0.912,0,0,0,1
1715249834051,1,1.602,0.912,0,0,0,1
1715249834064,1,1.602,0.912,0,0,0,1
1715249834076,1,1.602,0.912,0,0,0,1
1715249834089,1,1.602,0.912,0,0,0,1
1715249834104,1,1.602,0.912,0,0,0,1
1715249834114,1,1.602,0.912,0,0,0,1
1715249834127,1,1.602,0.912,0,0,0,1
1715249834139,1,1.602,0.912,0,0,0,1
1715249834151,1,1.602,0.912,0,0,0,1
1715249834165,1,1.602,0.912,0,0,0,1
1715249834177,1,1.602,0.912,0,0,0,1
1715249834190,1,1.602,0.912,0,0,0,1
1715249834203,1,1.602,0.912,0,0,0,1
1715249834216,1,1.602,0.912,0,0,0,1
1715249834229,1,1.602,0.912,0,0,0,1
1715249834241,1,1.602,0.912,0,0,0,1
1715249834254,1,1.602,0.912,0,0,0,1
1715249834267,1,1.602,0.912,0,0,0,1
1715249834279,1,1.602,0.912,0,0,0,1
1715249834291,1,1.602,0.912,0,0,0,1
1715249834303,1,1.602,0.912,0,0,0,1
1715249834315,1,1.602,0.912,0,0,0,1
1715249834328,1,1.602,0.912,0,0,0,1
1715249834340,1,1.602,0.912,0,0,0,1
1715249834352,1,1.602,0.912,0,0,0,1
1715249834365,1,1.602,0.912,0,0,0,1
1715249834376,1,1.602,0.912,0,0,0,1
1715249834389,1,1.602,0.912,0,0,0,1
1715249834401,1,1.602,0.912,0,0,0,1
1715249834412,1,1.602,0.912,0,0,0,1
1715249834424,1,1.602,0.912,0,0,0,1
1715249834436,1,1.602,0.912,0,0,0,1
1715249834448,1,1.602,0.912,0,0,0,1
1715249834460,1,1.602,0.912,0,0,0,1
1715249834472,1,1.602,0.912,0,0,0,1
1715249834483,1,1.602,0.912,0,0,0,1
1715249834495,1,1.602,0.912,0,0,0,1
1715249834506,1,1.602,0.912,0,0,0,1
1715249834517,1,1.602,0.912,0,0,0,1
1715249834530,1,1.602,0.912,0,0,0,1
1715249834541,1,1.602,0.912,0,0,0,1
1715249834552,1,1.602,0.912,0,0,0,1
1715249834564,1,1.602,0.912,0,0,0,1
1715249834576,1,1.602,0.912,0,0,0,1
1715249834589,1,1.602,0.912,0,0,0,1
1715249834600,1,1.602,0.912,0,0,0,1
1715249834613,1,1.602,0.912,0,0,0,1
1715249834625,1,1.602,0.912,0,0,0,1
1715249834636,1,1.602,0.912,0,0,0,1
1715249834649,1,1.602,0.912,0,0,0,1
1715249834660,1,1.602,0.912,0,0,0,1
1715249834672,1,1.602,0.912,0,0,0,1
1715249834684,1,1.602,0.912,0,0,0,1
1715249834694,1,1.602,0.912,0,0,0,1
1715249834706,1,1.602,0.912,0,0,0,1
1715249834717,1,1.602,0.912,0,0,0,1
1715249834730,1,1.602,0.912,0,0,0,1
1715249834742,1,1.602,0.912,0,0,0,1
1715249834753,1,1.602,0.912,0,0,0,1
1715249834767,1,1.602,0.912,0,0,0,1
1715249834779,1,1.602,0.912,0,0,0,1
1715249834792,1,1.602,0.912,0,0,0,1
1715249834804,1,1.602,0.912,0,0,0,1
1715249834815,1,1.602,0.912,0,0,0,1
1715249834828,1,1.602,0.912,0,0,0,1
1715249834840,1,1.602,0.912,0,0,0,1
1715249834853,1,1.602,0.912,0,0,0,1
1715249834865,1,1.602,0.912,0,0,0,1
1715249834877,1,1.602,0.912,0,0,0,1
1715249834889,1,1.602,0.912,0,0,0,1
1715249834901,1,1.602,0.912,0,0,0,1
1715249834912,1,1.602,0.912,0,0,0,1
1715249834924,1,1.602,0.912,0,0,0,1
1715249834936,1,1.602,0.912,0,0,0,1
1715249834949,1,1.602,0.912,0,0,0,1
1715249834961,1,1.602,0.912,0,0,0,1
1715249834974,1,1.602,0.912,0,0,0,1
1715249834987,1,1.602,0.912,0,0,0,1
1715249834998,1,1.602,0.912,0,0,0,1
1715249835010,1,1.602,0.912,0,0,0,1
1715249835022,1,1.602,0.912,0,0,0,1
1715249835033,1,1.602,0.912,0,0,0,1
1715249835046,1,1.602,0.912,0,0,0,1
1715249835058,1,1.602,0.912,0,0,0,1
1715249835069,1,1.602,0.912,0,0,0,1
1715249835082,1,1.602,0.912,0,0,0,1
1715249835093,1,1.602,0.912,0,0,0,1
1715249835106,1,1.602,0.912,0,0,0,1
1715249835118,1,1.602,0.912,0,0,0,1
1715249835131,1,1.602,0.912,0,0,0,1
1715249835144,1,1.602,0.912,0,0,0,1
1715249835158,1,1.602,0.912,0,0,0,1
1715249835173,1,1.602,0.912,0,0,0,1
1715249835187,1,1.602,0.912,0,0,0,1
1715249835201,1,1.602,0.912,0,0,0,1
1715249835213,1,1.602,0.912,0,0,0,1
1715249835227,1,1.602,0.912,0,0,0,1
1715249835239,1,1.602,0.912,0,0,0,1
1715249835251,1,1.602,0.912,0,0,0,1
1715249835264,1,1.602,0.912,0,0,0,1
1715249835277,1,1.602,0.912,0,0,0,1
1715249835289,1,1.602,0.912,0,0,0,1
1715249835301,1,1.602,0.912,0,0,0,1
1715249835314,1,1.602,0.912,0,0,0,1
1715249835327,1,1.602,0.912,0,0,0,1
1715249835340,1,1.602,0.912,0,0,0,1
1715249835352,1,1.602,0.912,0,0,0,1
1715249835364,1,1.602,0.912,0,0,0,1
1715249835377,1,1.602,0.912,0,0,0,1
1715249835388,1,1.602,0.912,0,0,0,1
1715249835402,1,1.602,0.912,0,0,0,1
1715249835414,1,1.602,0.912,0,0,0,1
1715249835426,1,1.602,0.912,0,0,0,1
1715249835438,1,1.602,0.912,0,0,0,1
1715249835450,1,1.602,0.912,0,0,0,1
1715249835462,1,1.602,0.912,0,0,0,1
1715249835474,1,1.602,0.912,0,0,0,1
1715249835486,1,1.602,0.912,0,0,0,1
1715249835498,1,1.602,0.912,0,0,0,1
1715249835510,1,1.602,0.912,0,0,0,1
1715249835522,1,1.602,0.912,0,0,0,1
1715249835533,1,1.602,0.912,0,0,0,1
1715249835546,1,1.602,0.912,0,0,0,1
1715249835557,1,1.602,0.912,0,0,0,1
1715249835570,1,1.602,0.912,0,0,0,1
1715249835582,1,1.602,0.912,0,0,0,1
1715249835594,1,1.602,0.912,0,0,0,1
1715249835606,1,1.602,0.912,0,0,0,1
1715249835617,1,1.602,0.912,0,0,0,1
1715249835630,1,1.602,0.912,0,0,0,1
1715249835641,1,1.602,0.912,0,0,0,1
1715249835653,1,1.602,0.912,0,0,0,1
1715249835665,1,1.602,0.912,0,0,0,1
1715249835677,1,1.602,0.912,0,0,0,1
1715249835689,1,1.602,0.912,0,0,0,1
1715249835702,1,1.602,0.912,0,0,0,1
1715249835713,1,1.602,0.912,0,0,0,1
1715249835726,1,1.602,0.912,0,0,0,1
1715249835737,1,1.602,0.912,0,0,0,1
1715249835749,1,1.602,0.912,0,0,0,1
1715249835761,1,1.602,0.912,0,0,0,1
1715249835773,1,1.602,0.912,0,0,0,1
1715249835785,1,1.602,0.912,0,0,0,1
1715249835797,1,1.602,0.912,0,0,0,1
1715249835810,1,1.602,0.912,0,0,0,1
1715249835822,1,1.602,0.912,0,0,0,1
1715249835833,1,1.602,0.912,0,0,0,1
1715249835846,1,1.602,0.912,0,0,0,1
1715249835859,1,1.602,0.912,0,0,0,1
1715249835872,1,1.602,0.912,0,0,0,1
1715249835884,1,1.602,0.912,0,0,0,1
1715249835897,1,1.602,0.912,0,0,0,1
1715249835908,1,1.602,0.912,0,0,0,1
1715249835921,1,1.602,0.912,0,0,0,1
1715249835934,1,1.602,0.912,0,0,0,1
1715249835945,1,1.602,0.912,0,0,0,1
1715249835958,1,1.602,0.912,0,0,0,1
1715249835971,1,1.602,0.912,0,0,0,1
1715249835983,1,1.602,0.912,0,0,0,1
1715249835995,1,1.602,0.912,0,0,0,1
1715249836010,1,1.602,0.912,0,0,0,1
1715249836022,1,1.602,0.912,0,0,0,1
1715249836034,1,1.602,0.912,0,0,0,1
1715249836047,1,1.602,0.912,0,0,0,1
1715249836057,1,1.602,0.912,0,0,0,1
1715249836070,1,1.602,0.912,0,0,0,1
1715249836081,1,1.602,0.912,0,0,0,1
1715249836094,1,1.602,0.912,0,0,0,1
1715249836107,1,1.602,0.912,0,0,0,1
1715249836117,1,1.602,0.912,0,0,0,1
1715249836130,1,1.602,0.912,0,0,0,1
1715249836141,1,1.602,0.912,0,0,0,1
1715249836153,1,1.602,0.912,0,0,0,1
1715249836165,1,1.602,0.912,0,0,0,1
1715249836178,1,1.602,0.912,0,0,0,1
1715249836190,1,1.602,0.912,0,0,0,1
1715249836202,1,1.602,0.912,0,0,0,1
1715249836214,1,1.602,0.912,0,0,0,1
1715249836226,1,1.602,0.912,0,0,0,1
1715249836239,1,1.602,0.912,0,0,0,1
1715249836251,1,1.602,0.912,0,0,0,1
1715249836264,1,1.602,0.912,0,0,0,1
1715249836277,1,1.602,0.912,0,0,0,1
1715249836290,1,1.602,0.912,0,0,0,1
1715249836302,1,1.602,0.912,0,0,0,1
1715249836314,1,1.602,0.912,0,0,0,1
1715249836326,1,1.602,0.912,0,0,0,1
1715249836338,1,1.602,0.912,0,0,0,1
1715249836350,1,1.602,0.912,0,0,0,1
1715249836362,1,1.602,0.912,0,0,0,1
1715249836375,1,1.602,0.912,0,0,0,1
1715249836387,1,1.602,0.912,0,0,0,1
1715249836398,1,1.602,0.912,0,0,0,1
1715249836410,1,1.602,0.912,0,0,0,1
1715249836423,1,1.602,0.912,0,0,0,1
1715249836434,1,1.602,0.912,0,0,0,1
1715249836447,1,1.602,0.912,0,0,0,1
1715249836458,1,1.602,0.912,0,0,0,1
1715249836472,1,1.602,0.912,0,0,0,1
1715249836483,1,1.602,0.912,0,0,0,1
1715249836495,1,1.602,0.912,0,0,0,1
1715249836508,1,1.602,0.912,0,0,0,1
1715249836521,1,1.602,0.912,0,0,0,1
1715249836535,1,1.602,0.912,0,0,0,1
1715249836550,1,1.602,0.912,0,0,0,1
1715249836564,1,1.602,0.912,0,0,0,1
1715249836581,1,1.602,0.912,0,0,0,1
1715249836594,1,1.602,0.912,0,0,0,1
1715249836608,1,1.602,0.912,0,0,0,1
1715249836621,1,1.602,0.912,0,0,0,1
1715249836636,1,1.602,0.912,0,0,0,1
1715249836649,1,1.602,0.912,0,0,0,1
1715249836664,1,1.602,0.912,0,0,0,1
1715249836676,1,1.602,0.912,0,0,0,1
1715249836689,1,1.602,0.912,0,0,0,1
1715249836702,1,1.602,0.912,0,0,0,1
1715249836714,1,1.602,0.912,0,0,0,1
1715249836727,1,1.602,0.912,0,0,0,1
1715249836744,1,1.602,0.912,0,0,0,1
1715249836758,1,1.602,0.912,0,0,0,1
1715249836772,1,1.602,0.912,0,0,0,1
1715249836784,1,1.602,0.912,0,0,0,1
1715249836797,1,1.602,0.912,0,0,0,1
1715249836809,1,1.602,0.912,0,0,0,1
1715249836823,1,1.602,0.912,0,0,0,1
1715249836837,1,1.602,0.912,0,0,0,1
1715249836849,1,1.602,0.912,0,0,0,1
1715249836863,1,1.602,0.912,0,0,0,1
1715249836876,1,1.602,0.912,0,0,0,1
1715249836889,1,1.602,0.912,0,0,0,1
1715249836902,1,1.602,0.912,0,0,0,1
1715249836914,1,1.602,0.912,0,0,0,1
1715249836928,1,1.602,0.912,0,0,0,1
1715249836941,1,1.602,0.912,0,0,0,1
1715249836953,1,1.602,0.912,0,0,0,1
1715249836965,1,1.602,0.912,0,0,0,1
1715249836978,1,1.602,0.912,0,0,0,1
1715249836992,1,1.602,0.912,0,0,0,1
1715249837003,1,1.602,0.912,0,0,0,1
1715249837015,1,1.602,0.912,0,0,0,1
1715249837027,1,1.602,0.912,0,0,0,1
1715249837041,1,1.602,0.912,0,0,0,1
1715249837053,1,1.602,0.912,0,0,0,1
1715249837065,1,1.602,0.912,0,0,0,1
1715249837076,1,1.602,0.912,0,0,0,1
1715249837090,1,1.602,0.912,0,0,0,1
1715249837101,1,1.602,0.912,0,0,0,1
1715249837113,1,1.602,0.912,0,0,0,1
1715249837126,1,1.602,0.912,0,0,0,1
1715249837137,1,1.602,0.912,0,0,0,1
1715249837151,1,1.602,0.912,0,0,0,1
1715249837164,1,1.602,0.912,0,0,0,1
1715249837179,1,1.602,0.912,0,0,0,1
1715249837192,1,1.602,0.912,0,0,0,1
1715249837205,1,1.602,0.912,0,0,0,1
1715249837218,1,1.602,0.912,0,0,0,1
1715249837229,1,1.602,0.912,0,0,0,1
1715249837242,1,1.602,0.912,0,0,0,1
1715249837255,1,1.602,0.912,0,0,0,1
1715249837268,1,1.602,0.912,0,0,0,1
1715249837285,1,1.602,0.912,0,0,0,1
1715249837299,1,1.602,0.912,0,0,0,1
1715249837312,1,1.602,0.912,0,0,0,1
1715249837328,1,1.602,0.912,0,0,0,1
1715249837341,1,1.602,0.912,0,0,0,1
1715249837353,1,1.602,0.912,0,0,0,1
1715249837368,1,1.602,0.912,0,0,0,1
1715249837383,1,1.602,0.912,0,0,0,1
1715249837398,1,1.602,0.912,0,0,0,1
1715249837416,1,1.602,0.912,0,0,0,1
1715249837430,1,1.602,0.912,0,0,0,1
1715249837445,1,1.602,0.912,0,0,0,1
1715249837460,1,1.602,0.912,0,0,0,1
1715249837476,1,1.602,0.912,0,0,0,1
1715249837491,1,1.602,0.912,0,0,0,1
1715249837504,1,1.602,0.912,0,0,0,1
1715249837517,1,1.602,0.912,0,0,0,1
1715249837531,1,1.602,0.912,0,0,0,1
1715249837545,1,1.602,0.912,0,0,0,1
1715249837557,1,1.602,0.912,0,0,0,1
1715249837570,1,1.602,0.912,0,0,0,1
1715249837584,1,1.602,0.912,0,0,0,1
1715249837596,1,1.602,0.912,0,0,0,1
1715249837609,1,1.602,0.912,0,0,0,1
1715249837624,1,1.602,0.912,0,0,0,1
1715249837636,1,1.602,0.912,0,0,0,1
1715249837649,1,1.602,0.912,0,0,0,1
1715249837662,1,1.602,0.912,0,0,0,1
1715249837674,1,1.602,0.912,0,0,0,1
1715249837687,1,1.602,0.912,0,0,0,1
1715249837701,1,1.602,0.912,0,0,0,1
1715249837713,1,1.602,0.912,0,0,0,1
1715249837726,1,1.602,0.912,0,0,0,1
1715249837738,1,1.602,0.912,0,0,0,1
1715249837750,1,1.602,0.912,0,0,0,1
1715249837760,1,1.602,0.912,0,0,0,1
1715249837772,1,1.602,0.912,0,0,0,1
1715249837785,1,1.602,0.912,0,0,0,1
1715249837797,1,1.602,0.912,0,0,0,1
1715249837811,1,1.602,0.912,0,0,0,1
1715249837824,1,1.602,0.912,0,0,0,1
1715249837835,1,1.602,0.912,0,0,0,1
1715249837848,1,1.602,0.912,0,0,0,1
1715249837860,1,1.602,0.912,0,0,0,1
1715249837872,1,1.602,0.912,0,0,0,1
1715249837887,1,1.602,0.912,0,0,0,1
1715249837901,1,1.602,0.912,0,0,0,1
1715249837913,1,1.602,0.912,0,0,0,1
1715249837925,1,1.602,0.912,0,0,0,1
1715249837937,1,1.602,0.912,0,0,0,1
1715249837950,1,1.602,0.912,0,0,0,1
1715249837963,1,1.602,0.912,0,0,0,1
1715249837974,1,1.602,0.912,0,0,0,1
1715249837987,1,1.602,0.912,0,0,0,1
1715249837997,1,1.602,0.912,0,0,0,1
171PosX,PosY,PosZ,QuaX,QuaY,QuaZ,QuaW
